element,osmid,leisure,sport,covered,int_name,name,name:sr,name:sr-Latn,addr:floor,length,location,swimming_pool,access,start_date,source,description,lit,operator,content,type,candidate_source,index,area,name:en,website,amenity,bath:open_air,bath:sand_bath,fee,wikipedia,wikidata,bath:type,shower,alt_name,contact:instagram,opening_hours,phone,addr:place,addr:postcode,designation,addr:city,addr:housenumber,addr:street,check_date,wheelchair,operator:type,name:ru,alt_name:sr,alt_name:sr-Latn,email,level,addr:suburb,building,building:levels,ref:RS:kucni_broj,barrier,old_name,old_name:en,old_name:sr,old_name:sr-Latn,wikimedia_commons,year_of_construction,internet_access,roof:direction,roof:shape,layer,contact:facebook,contact:twitter,surface,old_addr:housenumber,old_addr:street,nohousenumber,fax,man_made,outdoor,tower:type,climbing:boulder,contact:phone,shooting,addr:housename,image,name:de,note,club,outdoor_seating,rental,mobile,fitness_station,entrance,addr:pak,addr:country,contact:website,personal_trainer,sauna,check_date:opening_hours,addr:level,contact:linkedin,contact:youtube,internet_access:fee,payment:cash,payment:credit_cards,payment:debit_cards,payment:cards,index_right,venue_type,venue_name,venue_dist_m,is_municipal,name_normalized,access_value,exclude_private_access,pool_type,geometry_orig_wkt,lon,lat
node,2432305487.0,swimming_pool,swimming,yes,RZS Zatvoreni Bazen,РЗС Затворени Базен,РЗС Затворени Базен,RZS Zatvoreni Bazen,,,,,,,osm,,,,,,leisure=swimming_pool,,,,,,,,,,,,,,,,,,,,,,,,,,,,,,,,,,,,,,,,,,,,,,,,,,,,,,,,,,,,,,,,,,,,,,,,,,,,,,,,,,,412.0,sports_centre,Дом спортова,28.722243721669884,False,rzs zatvoreni bazen,,False,sports_centre,POINT (20.428444 44.764569),20.4284442,44.7645686
node,2510651164.0,swimming_pool,swimming,,,,,,,,,,,,osm,,,,,,leisure=swimming_pool,,,,,,,,,,,,,,,,,,,,,,,,,,,,,,,,,,,,,,,,,,,,,,,,,,,,,,,,,,,,,,,,,,,,,,,,,,,,,,,,,,,3.0,hotel,Селтерс,55.055936623111464,False,,,False,hotel,POINT (20.687855 44.42842),20.6878553,44.428419700000006
node,2510651169.0,swimming_pool,swimming,,,,,,,,,,,,osm,,,,,,leisure=swimming_pool,,,,,,,,,,,,,,,,,,,,,,,,,,,,,,,,,,,,,,,,,,,,,,,,,,,,,,,,,,,,,,,,,,,,,,,,,,,,,,,,,,,334.0,sports_centre,Спортски центар Младеновац,46.49537028088462,True,,,False,sports_centre,POINT (20.701835 44.441313),20.701835,44.441313
node,2515045207.0,swimming_pool,swimming,,,,,,,,,,,,osm,,,,,,leisure=swimming_pool,,,,,,,,,,,,,,,,,,,,,,,,,,,,,,,,,,,,,,,,,,,,,,,,,,,,,,,,,,,,,,,,,,,,,,,,,,,,,,,,,,,,,,,False,,,False,,POINT (20.662276 44.427426),20.6622759,44.42742570000001
node,3662124044.0,swimming_pool,,,,,,,,,,,,,osm,,,,,,leisure=swimming_pool,,,,,,,,,,,,,,,,,,,,,,,,,,,,,,,,,,,,,,,,,,,,,,,,,,,,,,,,,,,,,,,,,,,,,,,,,,,,,,,,,,,,,,,False,,,False,,POINT (20.415 44.571129),20.4149998,44.57112939999999
node,12691749111.0,swimming_pool,,,,Aqua Termal Club,,,2,16,indoor,kids,,,osm,,,,,,leisure=swimming_pool,,,,,,,,,,,,,,,,,,,,,,,,,,,,,,,,,,,,,,,,,,,,,,,,,,,,,,,,,,,,,,,,,,,,,,,,,,,,,,,,,,,,,,,False,aqua termal club,,False,,POINT (20.401016 44.812019),20.4010162,44.812019199999995
relation,11722257.0,swimming_pool,,,,,,,,,,,,,osm,,,,,multipolygon,leisure=swimming_pool,,,,,,,,,,,,,,,,,,,,,,,,,,,,,,,,,,,,,,,,,,,,,,,,,,,,,,,,,,,,,,,,,,,,,,,,,,,,,,,,,,,,,,,False,,,False,,"POLYGON ((20.515569 44.537588, 20.515576 44.537623, 20.515684 44.537612, 20.515682 44.537604, 20.515687 44.537604, 20.515691 44.537602, 20.515695 44.5376, 20.515697 44.537597, 20.515698 44.537593, 20.515697 44.53759, 20.515695 44.537587, 20.515692 44.537585, 20.515688 44.537583, 20.515683 44.537583, 20.515678 44.537583, 20.515677 44.537577, 20.515569 44.537588))",20.51563239565527,44.5376009
way,39257702.0,swimming_pool,swimming,no,Olimpijski,Олимпијски,Олимпијски,Olimpijski,,,outdoor,,customers,,osm,,,,,,leisure=swimming_pool,,,,,,,,,,,,,,,,,,,,,,,,,,,,,,,,,,,,,,,,,,,,,,,,,,,,,,,,,,,,,,,,,,,,,,,,,,,,,,,,,,,,,,,False,olimpijski,customers,False,,"POLYGON ((20.42417 44.764254, 20.424177 44.76444, 20.42355 44.764452, 20.423542 44.764266, 20.42417 44.764254))",20.4238597,44.76435274999999
way,39257703.0,swimming_pool,swimming,no,Osmica,Осмица,Осмица,Osmica,,,outdoor,,customers,,osm,,,,,,leisure=swimming_pool,,,,,,,,,,,,,,,,,,,,,,,,,,,,,,,,,,,,,,,,,,,,,,,,,,,,,,,,,,,,,,,,,,,,,,,,,,,,,,,,,,,468.0,sports_centre,Отворено пливалиште Кошутњак,46.26989638978857,True,osmica,customers,False,sports_centre,"POLYGON ((20.422128 44.765093, 20.422156 44.765098, 20.422186 44.765095, 20.422228 44.765087, 20.42227 44.765068, 20.422304 44.76504, 20.422351 44.765009, 20.422404 44.76499, 20.422615 44.764992, 20.422635 44.764987, 20.422655 44.76498, 20.42268 44.76494, 20.4227 44.764875, 20.422702 44.76483, 20.422696 44.764786, 20.422678 44.764719, 20.422653 44.764704, 20.42262 44.764697, 20.422517 44.76469, 20.42245 44.764694, 20.422418 44.764703, 20.422385 44.764736, 20.422296 44.764841, 20.422252 44.764853, 20.422189 44.764875, 20.42214 44.764875, 20.422091 44.764888, 20.422052 44.764911, 20.422027 44.764939, 20.422011 44.764977, 20.422019 44.765031, 20.422046 44.765055, 20.42208 44.765053, 20.422099 44.765059, 20.422122 44.765068, 20.422128 44.765093))",20.422381902461538,44.7648991
way,168043353.0,swimming_pool,,,,,,,,,,,,,osm,,,,,,leisure=swimming_pool,,,,,,,,,,,,,,,,,,,,,,,,,,,,,,,,,,,,,,,,,,,,,,,,,,,,,,,,,,,,,,,,,,,,,,,,,,,,,,,,,,,,,,,False,,,False,,"POLYGON ((20.401914 44.787541, 20.401987 44.787558, 20.401995 44.78754, 20.402004 44.78752, 20.401931 44.787504, 20.401914 44.787541))",20.401959072393048,44.78753025000001
way,208489664.0,swimming_pool,swimming,no,Skakacki,Скакачки,Скакачки,Skakački,,,outdoor,plunge,customers,,osm,,,,,,leisure=swimming_pool,,,,,,,,,,,,,,,,,,,,,,,,,,,,,,,,,,,,,,,,,,,,,,,,,,,,,,,,,,,,,,,,,,,,,,,,,,,,,,,,,,,468.0,sports_centre,Отворено пливалиште Кошутњак,54.12401693842172,True,skakacki,customers,False,sports_centre,"POLYGON ((20.423224 44.764468, 20.423216 44.764287, 20.423382 44.764276, 20.423441 44.764333, 20.423447 44.764403, 20.423392 44.764462, 20.423224 44.764468))",20.423332017265192,44.7643679
way,208489692.0,swimming_pool,swimming,no,Skolski,Школски,Школски,Školski,,,outdoor,,customers,,osm,,,,,,leisure=swimming_pool,,,,,,,,,,,,,,,,,,,,,,,,,,,,,,,,,,,,,,,,,,,,,,,,,,,,,,,,,,,,,,,,,,,,,,,,,,,,,,,,,,,468.0,sports_centre,Отворено пливалиште Кошутњак,23.82787928253012,True,skolski,customers,False,sports_centre,"POLYGON ((20.423111 44.764942, 20.423041 44.764848, 20.423318 44.764744, 20.423389 44.764841, 20.423111 44.764942))",20.423214735579435,44.76484475
way,208489767.0,swimming_pool,swimming,no,Detelina,Детелина,Детелина,Detelina,,,outdoor,kids,customers,,osm,,,,,,leisure=swimming_pool,,,,,,,,,,,,,,,,,,,,,,,,,,,,,,,,,,,,,,,,,,,,,,,,,,,,,,,,,,,,,,,,,,,,,,,,,,,,,,,,,,,,,,,False,detelina,customers,False,,"POLYGON ((20.42183 44.764687, 20.421776 44.764691, 20.421747 44.76471, 20.421736 44.764724, 20.421736 44.764736, 20.421747 44.764748, 20.42177 44.764759, 20.421808 44.764778, 20.421815 44.764796, 20.421808 44.764814, 20.421784 44.764835, 20.421738 44.764843, 20.421719 44.764845, 20.421701 44.764841, 20.421688 44.76483, 20.421681 44.764818, 20.42168 44.76479, 20.421647 44.764805, 20.421607 44.764812, 20.421572 44.764803, 20.421566 44.764778, 20.42157 44.764755, 20.42159 44.764744, 20.421625 44.764733, 20.421646 44.764737, 20.421623 44.764719, 20.421618 44.764706, 20.421612 44.764685, 20.421629 44.764677, 20.421652 44.764666, 20.421679 44.76467, 20.421693 44.764681, 20.421693 44.764698, 20.42169 44.764717, 20.421714 44.7647, 20.421738 44.764685, 20.421757 44.764673, 20.421787 44.764668, 20.421818 44.76466, 20.42183 44.764687))",20.421665566666665,44.7647516
way,241980944.0,swimming_pool,swimming,,,,,,,,,,,,osm,,,,,,leisure=swimming_pool,,,,,,,,,,,,,,,,,,,,,,,,,,,,,,,,,,,,,,,,,,,,,,,,,,,,,,,,,,,,,,,,,,,,,,,,,,,,,,,,,,,385.0,sports_centre,СЦ 11. април,62.66935571171818,True,,,False,sports_centre,"POLYGON ((20.393448 44.825375, 20.393554 44.82559, 20.394166 44.825438, 20.39406 44.825223, 20.393448 44.825375))",20.393807000000002,44.82540640000001
way,265350603.0,swimming_pool,,,,,,,,,,,,,osm,,,,,,leisure=swimming_pool,,,,,,,,,,,,,,,,,,,,,,,,,,,,,,,,,,,,,,,,,,,,,,,,,,,,,,,,,,,,,,,,,,,,,,,,,,,,,,,,,,,,,,,False,,,False,,"POLYGON ((20.394282 44.825309, 20.394552 44.825247, 20.394495 44.82512, 20.394224 44.825182, 20.394282 44.825309))",20.39438835,44.82521465
way,265350604.0,swimming_pool,,,,,,,,,,,,,osm,,,,,,leisure=swimming_pool,,,,,,,,,,,,,,,,,,,,,,,,,,,,,,,,,,,,,,,,,,,,,,,,,,,,,,,,,,,,,,,,,,,,,,,,,,,,,,,,,,,385.0,sports_centre,СЦ 11. април,67.83045560109552,True,,,False,sports_centre,"POLYGON ((20.39439 44.825418, 20.394319 44.825395, 20.394293 44.82534, 20.394577 44.825273, 20.39462 44.825363, 20.39439 44.825418))",20.394456440517317,44.8253519
way,265421956.0,swimming_pool,,,Olimp,Олимп,Олимп,Olimp,,,outdoor,,customers,,osm,,,,,,leisure=swimming_pool,,,,,,,,,,,,,,,,,,,,,,,,,,,,,,,,,,,,,,,,,,,,,,,,,,,,,,,,,,,,,,,,,,,,,,,,,,,,,,,,,,,387.0,sports_centre,СЦ Олимп,78.93530191768163,True,olimp,customers,False,sports_centre,"POLYGON ((20.509666 44.793932, 20.509953 44.793901, 20.509883 44.793582, 20.509597 44.793614, 20.509666 44.793932))",20.509774932383976,44.7937573
way,265421957.0,swimming_pool,,,,,,,,,outdoor,kids,customers,,osm,,,,,,leisure=swimming_pool,,,,,,,,,,,,,,,,,,,,,,,,,,,,,,,,,,,,,,,,,,,,,,,,,,,,,,,,,,,,,,,,,,,,,,,,,,,,,,,,,,,,,,,False,,customers,False,,"POLYGON ((20.510274 44.793949, 20.510447 44.793932, 20.510429 44.793843, 20.510256 44.79386, 20.510274 44.793949))",20.510351304065498,44.79389599999999
way,265421958.0,swimming_pool,,,,,,,,,outdoor,,customers,,osm,,,,,,leisure=swimming_pool,,,,,,,,,,,,,,,,,,,,,,,,,,,,,,,,,,,,,,,,,,,,,,,,,,,,,,,,,,,,,,,,,,,,,,,,,,,,,,,,,,,,,,,False,,customers,False,,"POLYGON ((20.510018 44.793727, 20.510144 44.793838, 20.510426 44.793677, 20.510301 44.793566, 20.510018 44.793727))",20.51022230781637,44.79370189999999
way,265421959.0,swimming_pool,,,,,,,,,outdoor,,customers,,osm,,,,,,leisure=swimming_pool,,,,,,,,,,,,,,,,,,,,,,,,,,,,,,,,,,,,,,,,,,,,,,,,,,,,,,,,,,,,,,,,,,,,,,,,,,,,,,,,,,,,,,,False,,customers,False,,"POLYGON ((20.510088 44.793642, 20.510274 44.79354, 20.510162 44.793437, 20.509976 44.793539, 20.510088 44.793642))",20.510124900000005,44.793539550000006
way,265432019.0,swimming_pool,,,,,,,,,outdoor,,customers,1961,osm,,,,,,leisure=swimming_pool,,,,,,,,,,,,,,,,,,,,,,,,,,,,,,,,,,,,,,,,,,,,,,,,,,,,,,,,,,,,,,,,,,,,,,,,,,,,,,,,,,,368.0,sports_centre,СРЦ Ташмајдан,59.80638917030466,True,,customers,False,sports_centre,"POLYGON ((20.47254 44.809553, 20.473009 44.809251, 20.472826 44.809108, 20.472357 44.80941, 20.47254 44.809553))",20.4726832,44.80933015
way,278664210.0,swimming_pool,swimming,,,,,,,,,,,,osm,,,,,,leisure=swimming_pool,,,,,,,,,,,,,,,,,,,,,,,,,,,,,,,,,,,,,,,,,,,,,,,,,,,,,,,,,,,,,,,,,,,,,,,,,,,,,,,,,,,,,,,False,,,False,,"POLYGON ((20.603085 44.452895, 20.603155 44.452686, 20.603004 44.45266, 20.602934 44.452869, 20.603085 44.452895))",20.6030445,44.452777899999994
way,282566864.0,swimming_pool,swimming,,,,,,,,,,,,osm,,,,,,leisure=swimming_pool,,,,,,,,,,,,,,,,,,,,,,,,,,,,,,,,,,,,,,,,,,,,,,,,,,,,,,,,,,,,,,,,,,,,,,,,,,,,,,,,,,,,,,,False,,,False,,"POLYGON ((20.21522 44.655592, 20.215817 44.655493, 20.215887 44.65571, 20.21527 44.655805, 20.21522 44.655592))",20.215550721842124,44.6556509
way,282945481.0,swimming_pool,,,,,,,,,,,,,osm,,,,,,leisure=swimming_pool,,,,,,,,,,,,,,,,,,,,,,,,,,,,,,,,,,,,,,,,,,,,,,,,,,,,,,,,,,,,,,,,,,,,,,,,,,,,,,,,,,,,,,,False,,,False,,"POLYGON ((20.294837 44.664482, 20.294887 44.664453, 20.294808 44.664383, 20.294758 44.664411, 20.294837 44.664482))",20.2948223,44.6644321
way,282945483.0,swimming_pool,,,,,,,,,,,,,osm,,,,,,leisure=swimming_pool,,,,,,,,,,,,,,,,,,,,,,,,,,,,,,,,,,,,,,,,,,,,,,,,,,,,,,,,,,,,,,,,,,,,,,,,,,,,,,,,,,,,,,,False,,,False,,"POLYGON ((20.29538 44.66489, 20.295443 44.664919, 20.295414 44.664951, 20.29535 44.664922, 20.29538 44.66489))",20.295396750136035,44.66492035
way,287389379.0,swimming_pool,,,,,,,,,,,,,osm,,,,,,leisure=swimming_pool,,,,,,,,,,,,,,,,,,,,,,,,,,,,,,,,,,,,,,,,,,,,,,,,,,,,,,,,,,,,,,,,,,,,,,,,,,,,,,,,,,,,,,,False,,,False,,"POLYGON ((20.450274 44.75784, 20.450252 44.757835, 20.450244 44.757828, 20.450202 44.75783, 20.450174 44.757824, 20.450174 44.757813, 20.450181 44.757796, 20.450196 44.757788, 20.450294 44.757809, 20.450302 44.757829, 20.450295 44.757836, 20.450286 44.757841, 20.450274 44.75784))",20.450235873750003,44.7578184
way,287389427.0,swimming_pool,,,,,,,,,,,private,,osm,,,,,,leisure=swimming_pool,,,,,,,,,,,,,,,,,,,,,,,,,,,,,,,,,,,,,,,,,,,,,,,,,,,,,,,,,,,,,,,,,,,,,,,,,,,,,,,,,,,,,,,False,,private,True,,"POLYGON ((20.448815 44.787782, 20.448799 44.787791, 20.448772 44.787785, 20.44875 44.787772, 20.44873 44.787755, 20.448719 44.787734, 20.448716 44.78771, 20.44872 44.787685, 20.448749 44.787689, 20.448784 44.787704, 20.448805 44.787722, 20.448821 44.787745, 20.448824 44.787761, 20.448815 44.787782))",20.448769520287165,44.78773914999999
way,287519625.0,swimming_pool,,,,,,,,,,,private,,osm,,,,,,leisure=swimming_pool,,,,,,,,,,,,,,,,,,,,,,,,,,,,,,,,,,,,,,,,,,,,,,,,,,,,,,,,,,,,,,,,,,,,,,,,,,,,,,,,,,,,,,,False,,private,True,,"POLYGON ((20.453724 44.785317, 20.453636 44.785251, 20.453672 44.785226, 20.453761 44.785292, 20.453724 44.785317))",20.45369823443182,44.78527125
way,287519633.0,swimming_pool,,,,,,,,,,,private,,osm,,,,,,leisure=swimming_pool,,,,,,,,,,,,,,,,,,,,,,,,,,,,,,,,,,,,,,,,,,,,,,,,,,,,,,,,,,,,,,,,,,,,,,,,,,,,,,,,,,,,,,,False,,private,True,,"POLYGON ((20.447162 44.785939, 20.447221 44.785863, 20.447263 44.78588, 20.447204 44.785956, 20.447162 44.785939))",20.447212284697034,44.78590934999999
way,287519642.0,swimming_pool,,,,,,,,,,,private,,osm,,,,,,leisure=swimming_pool,,,,,,,,,,,,,,,,,,,,,,,,,,,,,,,,,,,,,,,,,,,,,,,,,,,,,,,,,,,,,,,,,,,,,,,,,,,,,,,,,,,,,,,False,,private,True,,"POLYGON ((20.44672 44.786893, 20.446774 44.78684, 20.446817 44.786861, 20.446762 44.786915, 20.44672 44.786893))",20.4467683700021,44.78687729999999
way,287519647.0,swimming_pool,,,,,,,,,,,private,,osm,,,,,,leisure=swimming_pool,,,,,,,,,,,,,,,,,,,,,,,,,,,,,,,,,,,,,,,,,,,,,,,,,,,,,,,,,,,,,,,,,,,,,,,,,,,,,,,,,,,,,,,False,,private,True,,"POLYGON ((20.445772 44.787462, 20.445831 44.78741, 20.445869 44.787432, 20.44581 44.787484, 20.445772 44.787462))",20.44582043360054,44.787447099999994
way,292257963.0,swimming_pool,swimming,,,,,,,,,,,,osm,,,,,,leisure=swimming_pool,,,,,,,,,,,,,,,,,,,,,,,,,,,,,,,,,,,,,,,,,,,,,,,,,,,,,,,,,,,,,,,,,,,,,,,,,,,,,,,,,,,,,,,False,,,False,,"POLYGON ((20.603284 44.452967, 20.603236 44.453048, 20.603194 44.453048, 20.603206 44.453063, 20.603257 44.45307, 20.60332 44.453049, 20.603353 44.452988, 20.603284 44.452967))",20.603295133756014,44.453018149999984
way,303171732.0,swimming_pool,,,,,,,,,,,customers,,osm,,,,,,leisure=swimming_pool,,,,,,,,,,,,,,,,,,,,,,,,,,,,,,,,,,,,,,,,,,,,,,,,,,,,,,,,,,,,,,,,,,,,,,,,,,,,,,,,,,,426.0,sports_centre,Kengur Resort,15.088425289803435,False,,customers,False,sports_centre,"POLYGON ((20.347243 44.850395, 20.347387 44.850298, 20.347124 44.850102, 20.34698 44.850199, 20.347243 44.850395))",20.347183687366012,44.8502488
way,366301718.0,swimming_pool,,,Otvoreni bazen,Отворени базен,Отворени базен,Otvoreni bazen,,,,,yes,,osm,,,Sportski centar „Kolubara”,,,leisure=swimming_pool,,,,,,,,,,,,,,,,,,,,,,,,,,,,,,,,,,,,,,,,,,,,,,,,,,,,,,,,,,,,,,,,,,,,,,,,,,,,,,,,,,,444.0,sports_centre,,6.008686306173951,False,otvoreni bazen,yes,False,sports_centre,"POLYGON ((20.251798 44.382912, 20.25211 44.382923, 20.252141 44.382467, 20.251829 44.382456, 20.251798 44.382912))",20.251969224408676,44.382689600000006
way,368996805.0,swimming_pool,,,,,,,,,,,private,,osm,,,,,,leisure=swimming_pool,,,,,,,,,,,,,,,,,,,,,,,,,,,,,,,,,,,,,,,,,,,,,,,,,,,,,,,,,,,,,,,,,,,,,,,,,,,,,,,,,,,,,,,False,,private,True,,"POLYGON ((20.392404 44.820973, 20.392505 44.820996, 20.392524 44.820954, 20.392422 44.820932, 20.392404 44.820973))",20.39246398315767,44.820963600000006
way,373807882.0,swimming_pool,,,,,,,,,,,private,,osm,,,,,,leisure=swimming_pool,,,,,,,,,,,,,,,,,,,,,,,,,,,,,,,,,,,,,,,,,,,,,,,,,,,,,,,,,,,,,,,,,,,,,,,,,,,,,,,,,,,,,,,False,,private,True,,"POLYGON ((20.390106 44.823772, 20.390206 44.823723, 20.390233 44.823752, 20.390133 44.8238, 20.390106 44.823772))",20.39016935,44.823761799999986
way,377722346.0,swimming_pool,,,,,,,,,,,private,,osm,,,,,,leisure=swimming_pool,,,,,,,,,,,,,,,,,,,,,,,,,,,,,,,,,,,,,,,,,,,,,,,,,,,,,,,,,,,,,,,,,,,,,,,,,,,,,,,,,,,,,,,False,,private,True,,"POLYGON ((20.446538 44.78519, 20.446622 44.785221, 20.44665 44.785182, 20.446567 44.785151, 20.446538 44.78519))",20.4465944461489,44.78518610000001
way,390670695.0,swimming_pool,,,,,,,,,,,,,osm,,,,,,leisure=swimming_pool,,,,,,,,,,,,,,,,,,,,,,,,,,,,,,,,,,,,,,,,,,,,,,,,,,,,,,,,,,,,,,,,,,,,,,,,,,,,,,,,,,,,,,,False,,,False,,"POLYGON ((20.475113 44.76256, 20.475285 44.762372, 20.475805 44.762613, 20.475632 44.7628, 20.475113 44.76256))",20.47545869454035,44.76258635
way,390681602.0,swimming_pool,,,,,,,,,,,,,osm,,,,,,leisure=swimming_pool,,,,,,,,,,,,,,,,,,,,,,,,,,,,,,,,,,,,,,,,,,,,,,,,,,,,,,,,,,,,,,,,,,,,,,,,,,,,,,,,,,,,,,,False,,,False,,"POLYGON ((20.474322 44.762448, 20.474576 44.762564, 20.474907 44.762198, 20.474654 44.762082, 20.474322 44.762448))",20.47461475,44.76232274999998
way,393519682.0,swimming_pool,,,,,,,,,,,,,osm,,,,,,leisure=swimming_pool,,,,,,,,,,,,,,,,,,,,,,,,,,,,,,,,,,,,,,,,,,,,,,,,,,,,,,,,,,,,,,,,,,,,,,,,,,,,,,,,,,,401.0,sports_centre,Центар здравља Извор,23.902844025408978,False,,,False,sports_centre,"POLYGON ((20.517594 44.515663, 20.517828 44.515518, 20.517714 44.515425, 20.51748 44.51557, 20.517594 44.515663))",20.517653914500727,44.51554399999999
way,399979194.0,swimming_pool,,,,,,,,,,,,,osm,,,,,,leisure=swimming_pool,,,,,,,,,,,,,,,,,,,,,,,,,,,,,,,,,,,,,,,,,,,,,,,,,,,,,,,,,,,,,,,,,,,,,,,,,,,,,,,,,,,,,,,False,,,False,,"POLYGON ((20.447933 44.770779, 20.447968 44.770731, 20.448296 44.770851, 20.448261 44.770899, 20.447933 44.770779))",20.448114634941994,44.770815049999996
way,403510986.0,swimming_pool,,,,,,,,,,,,,osm,,,,fuel,,leisure=swimming_pool,,,,,,,,,,,,,,,,,,,,,,,,,,,,,,,,,,,,,,,,,,,,,,,,,,,,,,,,,,,,,,,,,,,,,,,,,,,,,,,,,,,242.0,gym,Sportska akademija Kočović,42.40547906520717,False,,,False,gym,"POLYGON ((20.409765 44.836591, 20.409752 44.836618, 20.409726 44.83664, 20.409692 44.836654, 20.409653 44.83666, 20.409614 44.836655, 20.409579 44.836642, 20.409552 44.836621, 20.409537 44.836597, 20.409534 44.836571, 20.409543 44.836545, 20.409562 44.836523, 20.409591 44.836506, 20.409625 44.836496, 20.409662 44.836495, 20.409698 44.836502, 20.409729 44.836516, 20.409752 44.836536, 20.409765 44.836563, 20.409765 44.836591))",20.4096503004771,44.83658095
way,415849484.0,swimming_pool,,,,,,,,,,,customers,,osm,,,,,,leisure=swimming_pool,,,,,,,,,,,,,,,,,,,,,,,,,,,,,,,,,,,,,,,,,,,,,,,,,,,,,,,,,,,,,,,,,,,,,,,,,,,,,,,,,,,426.0,sports_centre,Kengur Resort,22.40761699874326,False,,customers,False,sports_centre,"POLYGON ((20.347045 44.850381, 20.346939 44.850452, 20.34678 44.850333, 20.346886 44.850262, 20.347045 44.850381))",20.3469124,44.85035715
way,415849485.0,swimming_pool,,,,,,,,,,,customers,,osm,,,,,,leisure=swimming_pool,,,,,,,,,,,,,,,,,,,,,,,,,,,,,,,,,,,,,,,,,,,,,,,,,,,,,,,,,,,,,,,,,,,,,,,,,,,,,,,,,,,426.0,sports_centre,Kengur Resort,11.696782652197841,False,,customers,False,sports_centre,"POLYGON ((20.347003 44.850326, 20.347067 44.850375, 20.347133 44.850331, 20.34707 44.850282, 20.347003 44.850326))",20.347068046892147,44.850328399999995
way,416577881.0,swimming_pool,,,Decji bazen,Дечји базен,Дечји базен,Dečji bazen,,,outdoor,,,,osm,,,,,,leisure=swimming_pool,,,,,,,,,,,,,,,,,,,,,,,,,,,,,,,,,,,,,,,,,,,,,,,,,,,,,,,,,,,,,,,,,,,,,,,,,,,,,,,,,,,429.0,sports_centre,Отворени базени,46.772310625521726,False,decji bazen,,False,sports_centre,"POLYGON ((20.452302 44.830273, 20.452262 44.830221, 20.452306 44.830171, 20.452389 44.830172, 20.452428 44.830224, 20.452385 44.830274, 20.452302 44.830273))",20.4523452,44.83022245000001
way,416577882.0,swimming_pool,,,,,,,,,outdoor,,,,osm,,,,,,leisure=swimming_pool,,,,,,,,,,,,,,,,,,,,,,,,,,,,,,,,,,,,,,,,,,,,,,,,,,,,,,,,,,,,,,,,,,,,,,,,,,,,,,,,,,,429.0,sports_centre,Отворени базени,3.424804475733821,False,,,False,sports_centre,"POLYGON ((20.452484 44.830048, 20.452396 44.82994, 20.45245 44.829872, 20.452639 44.829874, 20.452724 44.829766, 20.452826 44.82977, 20.452922 44.829885, 20.453102 44.829889, 20.453144 44.829954, 20.453047 44.830062, 20.452953 44.830064, 20.452916 44.830006, 20.452641 44.83, 20.452583 44.830046, 20.452484 44.830048))",20.45276753736715,44.82991454999999
way,416577883.0,swimming_pool,swimming,,,,,,,,outdoor,,,,osm,,,,,,leisure=swimming_pool,,,,,,,,,,,,,,,,,,,,,,,,,,,,,,,,,,,,,,,,,,,,,,,,,,,,,,,,,,,,,,,,,,,,,,,,,,,,,,,,,,,429.0,sports_centre,Отворени базени,53.32448820536759,False,,,False,sports_centre,"POLYGON ((20.452961 44.829747, 20.452971 44.829513, 20.453621 44.829527, 20.45361 44.829761, 20.452961 44.829747))",20.453290851013257,44.82963669999999
way,422656247.0,swimming_pool,,,,,,,,,,,,,osm,,,,,,leisure=swimming_pool,,,,,,,,,,,,,,,,,,,,,,,,,,,,,,,,,,,,,,,,,,,,,,,,,,,,,,,,,,,,,,,,,,,,,,,,,,,,,,,,,,,,,,,False,,,False,,"POLYGON ((20.525489 44.773959, 20.525461 44.773918, 20.525569 44.773881, 20.525597 44.773923, 20.525489 44.773959))",20.52552910417168,44.773920100000005
way,428250909.0,swimming_pool,,,,,,,,,,,private,,osm,,,,,,leisure=swimming_pool,,,,,,,,,,,,,,,,,,,,,,,,,,,,,,,,,,,,,,,,,,,,,,,,,,,,,,,,,,,,,,,,,,,,,,,,,,,,,,,,,,,,,,,False,,private,True,,"POLYGON ((20.4518 44.818366, 20.451923 44.81846, 20.451824 44.818524, 20.451702 44.81843, 20.4518 44.818366))",20.45181225,44.818444949999986
way,444018771.0,swimming_pool,,,,,,,,,,,,,osm,,,,,,leisure=swimming_pool,,,,,,,,,,,,,,,,,,,,,,,,,,,,,,,,,,,,,,,,,,,,,,,,,,,,,,,,,,,,,,,,,,,,,,,,,,,,,,,,,,,,,,,False,,,False,,"POLYGON ((20.579236 44.750582, 20.579161 44.750538, 20.579279 44.750434, 20.579354 44.750477, 20.579236 44.750582))",20.579257485354745,44.75050795
way,468933889.0,swimming_pool,,,,,,,,,,,private,,osm,,,,,,leisure=swimming_pool,,,,,,,,,,,,,,,,,,,,,,,,,,,,,,,,,,,,,,,,,,,,,,,,,,,,,,,,,,,,,,,,,,,,,,,,,,,,,,,,,,,,,,,False,,private,True,,"POLYGON ((20.424374 44.767454, 20.424373 44.767443, 20.424377 44.767436, 20.424384 44.767428, 20.42441 44.767405, 20.424417 44.767401, 20.42443 44.767397, 20.424438 44.767398, 20.424448 44.767403, 20.424454 44.767407, 20.424456 44.767414, 20.424453 44.767424, 20.424446 44.767433, 20.424427 44.767447, 20.424406 44.767462, 20.42439 44.767462, 20.424374 44.767454))",20.4244147630176,44.767430399999995
way,475605730.0,swimming_pool,,,,,,,,,,,,,osm,,,,,,leisure=swimming_pool,,,,,,,,,,,,,,,,,,,,,,,,,,,,,,,,,,,,,,,,,,,,,,,,,,,,,,,,,,,,,,,,,,,,,,,,,,,,,,,,,,,,,,,False,,,False,,"POLYGON ((20.307902 44.79741, 20.307921 44.797348, 20.307973 44.797355, 20.307954 44.797418, 20.307902 44.79741))",20.30793775659691,44.7973828
way,486642830.0,swimming_pool,,,,,,,,,,,,,osm,,,,,,leisure=swimming_pool,,,,,,,,,,,,,,,,,,,,,,,,,,,,,,,,,,,,,,,,,,,,,,,,,,,,,,,,,,,,,,,,,,,,,,,,,,,,,,,,,,,,,,,False,,,False,,"POLYGON ((20.414867 44.571212, 20.414828 44.571119, 20.415138 44.571053, 20.415177 44.571146, 20.414867 44.571212))",20.41500235708513,44.571132449999986
way,486642830.0,swimming_pool,,,,,,,,,,,,,osm,,,,,,leisure=swimming_pool,,,,,,,,,,,,,,,,,,,,,,,,,,,,,,,,,,,,,,,,,,,,,,,,,,,,,,,,,,,,,,,,,,,,,,,,,,,,,,,,,,,,,,,False,,,False,,"POLYGON ((20.414867 44.571212, 20.414828 44.571119, 20.415138 44.571053, 20.415177 44.571146, 20.414867 44.571212))",20.41500235708513,44.571132449999986
way,486642831.0,swimming_pool,,,,,,,,,,,,,osm,,,,,,leisure=swimming_pool,,,,,,,,,,,,,,,,,,,,,,,,,,,,,,,,,,,,,,,,,,,,,,,,,,,,,,,,,,,,,,,,,,,,,,,,,,,,,,,,,,,,,,,False,,,False,,"POLYGON ((20.415015 44.571027, 20.414996 44.571021, 20.414985 44.571012, 20.414972 44.570977, 20.414976 44.570965, 20.414989 44.570954, 20.415009 44.570944, 20.415034 44.570938, 20.415068 44.570934, 20.415084 44.570935, 20.415101 44.570942, 20.415118 44.570968, 20.415121 44.57099, 20.415113 44.571002, 20.415099 44.571006, 20.415079 44.571007, 20.415066 44.571006, 20.415051 44.57101, 20.415043 44.571019, 20.415034 44.571024, 20.415015 44.571027))",20.415047206716718,44.5709838
way,595464966.0,swimming_pool,,,,,,,,,,,private,,osm,,,,,,leisure=swimming_pool,,,,,,,,,,,,,,,,,,,,,,,,,,,,,,,,,,,,,,,,,,,,,,,,,,,,,,,,,,,,,,,,,,,,,,,,,,,,,,,,,,,,,,,False,,private,True,,"POLYGON ((20.602165 44.75772, 20.602047 44.757609, 20.602376 44.757431, 20.602494 44.757542, 20.602165 44.75772))",20.602270532611254,44.75757545
way,646970683.0,swimming_pool,,,,,,,,,,,private,,osm,,,,,,leisure=swimming_pool,,,,,,,,,,,,,,,,,,,,,,,,,,,,,,,,,,,,,,,,,,,,,,,,,,,,,,,,,,,,,,,,,,,,,,,,,,,,,,,,,,,,,,,False,,private,True,,"POLYGON ((20.464954 44.774929, 20.464888 44.774904, 20.464809 44.775007, 20.464875 44.775032, 20.464954 44.774929))",20.464881614486735,44.77496775
way,647001800.0,swimming_pool,,,,,,,,,,,private,,osm,,,,,,leisure=swimming_pool,,,,,,,,,,,,,,,,,,,,,,,,,,,,,,,,,,,,,,,,,,,,,,,,,,,,,,,,,,,,,,,,,,,,,,,,,,,,,,,,,,,,,,,False,,private,True,,"POLYGON ((20.464894 44.773158, 20.464971 44.773193, 20.465056 44.773098, 20.464979 44.773063, 20.464894 44.773158))",20.46497505,44.77312804999999
way,647001801.0,swimming_pool,,,,,,,,,,,,,osm,,,,,,leisure=swimming_pool,,,,,,,,,,,,,,,,,,,,,,,,,,,,,,,,,,,,,,,,,,,,,,,,,,,,,,,,,,,,,,,,,,,,,,,,,,,,,,,,,,,,,,,False,,,False,,"POLYGON ((20.46375 44.772408, 20.46386 44.772456, 20.463892 44.77242, 20.463781 44.772372, 20.46375 44.772408))",20.4638206,44.772413949999994
way,647001802.0,swimming_pool,,,,,,,,,,,private,,osm,,,,,,leisure=swimming_pool,,,,,,,,,,,,,,,,,,,,,,,,,,,,,,,,,,,,,,,,,,,,,,,,,,,,,,,,,,,,,,,,,,,,,,,,,,,,,,,,,,,,,,,False,,private,True,,"POLYGON ((20.461488 44.776593, 20.461515 44.776565, 20.461628 44.77662, 20.461602 44.776648, 20.461488 44.776593))",20.46155809999999,44.776606099999995
way,647001803.0,swimming_pool,,,,,,,,,,,private,,osm,,,,,,leisure=swimming_pool,,,,,,,,,,,,,,,,,,,,,,,,,,,,,,,,,,,,,,,,,,,,,,,,,,,,,,,,,,,,,,,,,,,,,,,,,,,,,,,,,,,,,,,False,,private,True,,"POLYGON ((20.460396 44.776445, 20.460465 44.776448, 20.460458 44.776415, 20.46041 44.77639, 20.460362 44.776396, 20.460396 44.776445))",20.46042310936848,44.776429949999994
way,647001804.0,swimming_pool,,,,,,,,,,,private,,osm,,,,,,leisure=swimming_pool,,,,,,,,,,,,,,,,,,,,,,,,,,,,,,,,,,,,,,,,,,,,,,,,,,,,,,,,,,,,,,,,,,,,,,,,,,,,,,,,,,,,,,,False,,private,True,,"POLYGON ((20.460469 44.77781, 20.460596 44.777871, 20.460627 44.777839, 20.4605 44.777778, 20.460469 44.77781))",20.46054819999999,44.777824249999995
way,647001805.0,swimming_pool,,,,,,,,,,,private,,osm,,,,,,leisure=swimming_pool,,,,,,,,,,,,,,,,,,,,,,,,,,,,,,,,,,,,,,,,,,,,,,,,,,,,,,,,,,,,,,,,,,,,,,,,,,,,,,,,,,,,,,,False,,private,True,,"POLYGON ((20.462361 44.777858, 20.462359 44.777863, 20.462357 44.777867, 20.462355 44.77787, 20.462355 44.777873, 20.462356 44.777876, 20.462357 44.777879, 20.462363 44.777883, 20.462368 44.777886, 20.462376 44.777887, 20.46239 44.777887, 20.462397 44.777885, 20.462403 44.777883, 20.462408 44.77788, 20.462413 44.777876, 20.462416 44.777871, 20.462419 44.777863, 20.46242 44.777852, 20.462418 44.777843, 20.462416 44.777835, 20.462413 44.77783, 20.46241 44.777825, 20.462407 44.777821, 20.462404 44.777817, 20.462401 44.777814, 20.462396 44.777812, 20.462388 44.777811, 20.462377 44.77781, 20.462369 44.777812, 20.462364 44.777814, 20.462362 44.777817, 20.46236 44.777821, 20.462359 44.777826, 20.462359 44.77783, 20.462363 44.777837, 20.462364 44.777846, 20.462361 44.777858))",20.462391123311335,44.777849200000006
way,647001806.0,swimming_pool,,,,,,,,,,,private,,osm,,,,,,leisure=swimming_pool,,,,,,,,,,,,,,,,,,,,,,,,,,,,,,,,,,,,,,,,,,,,,,,,,,,,,,,,,,,,,,,,,,,,,,,,,,,,,,,,,,,,,,,False,,private,True,,"POLYGON ((20.462942 44.777284, 20.462972 44.77725, 20.462878 44.777208, 20.462848 44.777242, 20.462942 44.777284))",20.46290995,44.77724595
way,647001807.0,swimming_pool,,,,,,,,,,,private,,osm,,,,,,leisure=swimming_pool,,,,,,,,,,,,,,,,,,,,,,,,,,,,,,,,,,,,,,,,,,,,,,,,,,,,,,,,,,,,,,,,,,,,,,,,,,,,,,,,,,,,,,,False,,private,True,,"POLYGON ((20.466561 44.778531, 20.466689 44.778551, 20.466706 44.778496, 20.466578 44.778476, 20.466561 44.778531))",20.46663358390288,44.77851339999999
way,647001808.0,swimming_pool,,,,,,,,,,,private,,osm,,,,,,leisure=swimming_pool,,,,,,,,,,,,,,,,,,,,,,,,,,,,,,,,,,,,,,,,,,,,,,,,,,,,,,,,,,,,,,,,,,,,,,,,,,,,,,,,,,,,,,,False,,private,True,,"POLYGON ((20.464528 44.779728, 20.46457 44.779738, 20.464636 44.779678, 20.464588 44.779652, 20.464547 44.779689, 20.464528 44.779728))",20.46456956585265,44.77970855
way,647001809.0,swimming_pool,,,,,,,,,,,private,,osm,,,,,,leisure=swimming_pool,,,,,,,,,,,,,,,,,,,,,,,,,,,,,,,,,,,,,,,,,,,,,,,,,,,,,,,,,,,,,,,,,,,,,,,,,,,,,,,,,,,,,,,False,,private,True,,"POLYGON ((20.459243 44.77348, 20.459281 44.773502, 20.459319 44.773469, 20.459339 44.77348, 20.459363 44.773459, 20.459305 44.773426, 20.459243 44.77348))",20.459309104765445,44.77346400000001
way,647001810.0,swimming_pool,,,,,,,,,,,private,,osm,,,,,,leisure=swimming_pool,,,,,,,,,,,,,,,,,,,,,,,,,,,,,,,,,,,,,,,,,,,,,,,,,,,,,,,,,,,,,,,,,,,,,,,,,,,,,,,,,,,,,,,False,,private,True,,"POLYGON ((20.458669 44.770632, 20.458731 44.770657, 20.458792 44.770581, 20.458729 44.770556, 20.458669 44.770632))",20.458730199999998,44.77060614999999
way,647001811.0,swimming_pool,,,,,,,,,,,private,,osm,,,,,,leisure=swimming_pool,,,,,,,,,,,,,,,,,,,,,,,,,,,,,,,,,,,,,,,,,,,,,,,,,,,,,,,,,,,,,,,,,,,,,,,,,,,,,,,,,,,,,,,False,,private,True,,"POLYGON ((20.459523 44.76908, 20.459573 44.769064, 20.459611 44.769079, 20.459653 44.769027, 20.459601 44.769006, 20.459497 44.769041, 20.459523 44.76908))",20.459568469108493,44.76905245
way,647001812.0,swimming_pool,,,,,,,,,,,private,,osm,,,,,,leisure=swimming_pool,,,,,,,,,,,,,,,,,,,,,,,,,,,,,,,,,,,,,,,,,,,,,,,,,,,,,,,,,,,,,,,,,,,,,,,,,,,,,,,,,,,13.0,hotel,Belgrade Boutique House,61.81641754208189,False,,private,True,hotel,"POLYGON ((20.457184 44.767948, 20.457282 44.767902, 20.45726 44.767878, 20.457161 44.767924, 20.457184 44.767948))",20.457221649999997,44.76791259999999
way,647001813.0,swimming_pool,,,,,,,,,,,private,,osm,,,,,,leisure=swimming_pool,,,,,,,,,,,,,,,,,,,,,,,,,,,,,,,,,,,,,,,,,,,,,,,,,,,,,,,,,,,,,,,,,,,,,,,,,,,,,,,,,,,13.0,hotel,Belgrade Boutique House,62.28035618136784,False,,private,True,hotel,"POLYGON ((20.457504 44.767779, 20.457512 44.767792, 20.457513 44.767807, 20.457507 44.767821, 20.457495 44.767833, 20.457478 44.767842, 20.457459 44.767846, 20.457438 44.767846, 20.457418 44.76784, 20.457402 44.767831, 20.457391 44.767818, 20.457387 44.767804, 20.457389 44.767789, 20.457399 44.767775, 20.457414 44.767765, 20.457432 44.767758, 20.457453 44.767757, 20.457473 44.76776, 20.457491 44.767767, 20.457504 44.767779))",20.45745001332046,44.767797900000005
way,647001814.0,swimming_pool,,,,,,,,,,,private,,osm,,,,,,leisure=swimming_pool,,,,,,,,,,,,,,,,,,,,,,,,,,,,,,,,,,,,,,,,,,,,,,,,,,,,,,,,,,,,,,,,,,,,,,,,,,,,,,,,,,,,,,,False,,private,True,,"POLYGON ((20.456964 44.76635, 20.457033 44.766364, 20.457067 44.766286, 20.456998 44.766271, 20.456964 44.76635))",20.45701554136594,44.7663177
way,647001815.0,swimming_pool,,,,,,,,,,,private,,osm,,,,,,leisure=swimming_pool,,,,,,,,,,,,,,,,,,,,,,,,,,,,,,,,,,,,,,,,,,,,,,,,,,,,,,,,,,,,,,,,,,,,,,,,,,,,,,,,,,,,,,,False,,private,True,,"POLYGON ((20.455146 44.766753, 20.455196 44.766762, 20.455233 44.766668, 20.455183 44.766658, 20.455146 44.766753))",20.45518955,44.766710399999994
way,647001816.0,swimming_pool,,,,,,,,,,,private,,osm,,,,,,leisure=swimming_pool,,,,,,,,,,,,,,,,,,,,,,,,,,,,,,,,,,,,,,,,,,,,,,,,,,,,,,,,,,,,,,,,,,,,,,,,,,,,,,,,,,,,,,,False,,private,True,,"POLYGON ((20.454739 44.766615, 20.454794 44.766571, 20.454828 44.766594, 20.454793 44.766621, 20.454811 44.766632, 20.454791 44.766648, 20.454739 44.766615))",20.454783496798772,44.766604150000006
way,647001817.0,swimming_pool,,,,,,,,,,,private,,osm,,,,,,leisure=swimming_pool,,,,,,,,,,,,,,,,,,,,,,,,,,,,,,,,,,,,,,,,,,,,,,,,,,,,,,,,,,,,,,,,,,,,,,,,,,,,,,,,,,,,,,,False,,private,True,,"POLYGON ((20.455214 44.764387, 20.455343 44.76438, 20.455336 44.764326, 20.455234 44.764332, 20.455238 44.764366, 20.455214 44.764387))",20.455287402247194,44.764349100000004
way,716003931.0,swimming_pool,,,,,,,,,,,customers,,osm,,,,,,leisure=swimming_pool,,,,,,,,,,,,,,,,,,,,,,,,,,,,,,,,,,,,,,,,,,,,,,,,,,,,,,,,,,,,,,,,,,,,,,,,,,,,,,,,,,,,,,,False,,customers,False,,"POLYGON ((20.26708 44.743895, 20.267012 44.743886, 20.266963 44.743871, 20.266934 44.743849, 20.266918 44.743817, 20.26692 44.743774, 20.266931 44.743735, 20.266942 44.743692, 20.266945 44.743648, 20.266942 44.743606, 20.266931 44.743565, 20.266911 44.743534, 20.266893 44.743501, 20.266886 44.743469, 20.2669 44.743438, 20.266918 44.743416, 20.266952 44.743398, 20.266992 44.743384, 20.267041 44.743376, 20.267082 44.743376, 20.267118 44.743386, 20.267149 44.743406, 20.267181 44.743435, 20.267206 44.743454, 20.267221 44.743483, 20.267232 44.743509, 20.26723 44.743542, 20.267221 44.743577, 20.267219 44.743614, 20.267219 44.743648, 20.267226 44.743676, 20.267242 44.743713, 20.26726 44.743745, 20.267282 44.743772, 20.267307 44.743794, 20.267327 44.743838, 20.267331 44.743874, 20.267329 44.743903, 20.26732 44.743922, 20.267298 44.743941, 20.267255 44.743949, 20.267206 44.743948, 20.267163 44.743932, 20.267125 44.743911, 20.26708 44.743895))",20.267083230816556,44.74366195000001
way,716003932.0,swimming_pool,,,,,,,,,,,customers,,osm,,,,,,leisure=swimming_pool,,,,,,,,,,,,,,,,,,,,,,,,,,,,,,,,,,,,,,,,,,,,,,,,,,,,,,,,,,,,,,,,,,,,,,,,,,,,,,,,,,,,,,,False,,customers,False,,"POLYGON ((20.26806 44.743865, 20.268038 44.743864, 20.268014 44.74385, 20.268009 44.74383, 20.268016 44.743814, 20.268037 44.743804, 20.268058 44.743803, 20.268072 44.743792, 20.268077 44.743779, 20.268072 44.743764, 20.268049 44.743756, 20.268021 44.743736, 20.268012 44.743716, 20.268012 44.743695, 20.268021 44.743672, 20.268035 44.743656, 20.268058 44.743645, 20.268081 44.743639, 20.268109 44.743639, 20.268142 44.743644, 20.268165 44.743655, 20.26818 44.743675, 20.268189 44.743697, 20.268188 44.743718, 20.268177 44.743738, 20.268158 44.743756, 20.268147 44.743774, 20.268142 44.743793, 20.268144 44.743814, 20.268147 44.743834, 20.268163 44.743849, 20.268179 44.743866, 20.268188 44.74388, 20.268188 44.743898, 20.268174 44.743911, 20.268158 44.743916, 20.268135 44.743916, 20.268117 44.743909, 20.268107 44.743894, 20.268096 44.743875, 20.268081 44.743869, 20.26806 44.743865))",20.268111360739752,44.74377689999999
way,716003941.0,swimming_pool,,,,,,,,,,,,,osm,,,,,,leisure=swimming_pool,,,,,,,,,,,,,,,,,,,,,,,,,,,,,,,,,,,,,,,,,,,,,,,,,,,,,,,,,,,,,,,,,,,,,,,,,,,,,,,,,,,,,,,False,,,False,,"POLYGON ((20.267253 44.743382, 20.267246 44.743369, 20.267233 44.743357, 20.267215 44.743349, 20.267195 44.743341, 20.267181 44.743328, 20.267177 44.743315, 20.267183 44.743303, 20.267196 44.743294, 20.267218 44.743289, 20.267241 44.743291, 20.267264 44.743299, 20.267282 44.743312, 20.2673 44.743329, 20.267311 44.743346, 20.26732 44.743363, 20.267318 44.743376, 20.267312 44.743388, 20.267297 44.743395, 20.267279 44.743396, 20.267264 44.743393, 20.267253 44.743382))",20.267255275615486,44.74334344999999
way,746791371.0,swimming_pool,,,,,,,,,,,,,osm,,,,,,leisure=swimming_pool,,,,,,,,,,,,,,,,,,,,,,,,,,,,,,,,,,,,,,,,,,,,,,,,,,,,,,,,,,,,,,,,,,,,,,,,,,,,,,,,,,,,,,,False,,,False,,"POLYGON ((20.455163 44.763621, 20.455218 44.763606, 20.455182 44.763538, 20.455127 44.763552, 20.455163 44.763621))",20.455172399999995,44.76357939999999
way,756626968.0,swimming_pool,,,,,,,,,,,,,osm,,,,,,leisure=swimming_pool,,,,,,,,,,,,,,,,,,,,,,,,,,,,,,,,,,,,,,,,,,,,,,,,,,,,,,,,,,,,,,,,,,,,,,,,,,,,,,,,,,,487.0,waterpark,Видик,9.99004716684328,False,,,False,waterpark,"POLYGON ((20.300351 44.369568, 20.300352 44.369374, 20.300352 44.3692, 20.300458 44.369192, 20.300576 44.369204, 20.300689 44.369238, 20.300753 44.369311, 20.300748 44.369392, 20.300657 44.369469, 20.300539 44.369492, 20.300458 44.369545, 20.300351 44.369568))",20.30055041213698,44.3693829
way,756626969.0,swimming_pool,,,,,,,,,,,,,osm,,,,,,leisure=swimming_pool,,,,,,,,,,,,,,,,,,,,,,,,,,,,,,,,,,,,,,,,,,,,,,,,,,,,,,,,,,,,,,,,,,,,,,,,,,,,,,,,,,,487.0,waterpark,Видик,36.89547087098165,False,,,False,waterpark,"POLYGON ((20.300352 44.369374, 20.300129 44.369374, 20.300128 44.369137, 20.300352 44.369136, 20.300352 44.3692, 20.300352 44.369374))",20.30024030972865,44.369286999999986
way,766267079.0,swimming_pool,,,,,,,,,,,,,osm,,,,,,leisure=swimming_pool,,,,,,,,,,,,,,,,,,,,,,,,,,,,,,,,,,,,,,,,,,,,,,,,,,,,,,,,,,,,,,,,,,,,,,,,,,,,,,,,,,,,,,,False,,,False,,"POLYGON ((20.220301 44.841023, 20.220291 44.841034, 20.220283 44.841047, 20.220278 44.84106, 20.220277 44.841074, 20.220279 44.841087, 20.220284 44.8411, 20.220293 44.841112, 20.220304 44.841124, 20.220318 44.841133, 20.220333 44.841141, 20.220351 44.841147, 20.220369 44.84115, 20.220388 44.841152, 20.220408 44.84115, 20.220426 44.841147, 20.220444 44.841141, 20.22046 44.841134, 20.220535 44.841079, 20.220562 44.841055, 20.220564 44.841053, 20.220567 44.841052, 20.22057 44.84105, 20.220573 44.841049, 20.220576 44.841048, 20.220579 44.841048, 20.220583 44.841048, 20.220586 44.841048, 20.220589 44.841049, 20.220592 44.841051, 20.220595 44.841052, 20.220597 44.841054, 20.220599 44.841056, 20.220604 44.841063, 20.220611 44.84107, 20.22062 44.841075, 20.220629 44.841079, 20.22064 44.841082, 20.220651 44.841084, 20.220662 44.841085, 20.220673 44.841084, 20.220684 44.841082, 20.220694 44.841078, 20.220703 44.841074, 20.220712 44.841068, 20.220718 44.841062, 20.220723 44.841055, 20.220726 44.841047, 20.220739 44.840964, 20.220735 44.840951, 20.220729 44.84094, 20.22072 44.840928, 20.220709 44.840918, 20.220696 44.84091, 20.22069 44.840908, 20.220686 44.840906, 20.220682 44.840903, 20.220678 44.8409, 20.220676 44.840896, 20.220674 44.840892, 20.220674 44.840888, 20.220674 44.840884, 20.220675 44.84088, 20.220688 44.840804, 20.220695 44.840795, 20.220704 44.840786, 20.220714 44.840779, 20.220726 44.840773, 20.220736 44.84077, 20.220745 44.840765, 20.220753 44.840759, 20.220759 44.840753, 20.220764 44.840746, 20.220767 44.840738, 20.220772 44.840707, 20.220771 44.840699, 20.220768 44.840691, 20.220763 44.840684, 20.220749 44.84067, 20.220737 44.840654, 20.220729 44.840638, 20.220725 44.840627, 20.220723 44.840616, 20.220724 44.840605, 20.220728 44.840591, 20.220735 44.840576, 20.220745 44.840563, 20.220763 44.840535, 20.220767 44.840528, 20.22077 44.840521, 20.220772 44.840514, 20.220771 44.840507, 20.220769 44.8405, 20.220765 44.840493, 20.220759 44.840486, 20.220719 44.840468, 20.220707 44.840465, 20.220694 44.840463, 20.220681 44.840463, 20.220668 44.840464, 20.220656 44.840467, 20.220644 44.840471, 20.220601 44.840498, 20.220596 44.840502, 20.220592 44.840506, 20.220589 44.84051, 20.220588 44.840514, 20.220587 44.840519, 20.220588 44.840524, 20.220589 44.840529, 20.220592 44.840533, 20.220595 44.840537, 20.220631 44.840558, 20.220645 44.840562, 20.220659 44.840567, 20.220665 44.840569, 20.22067 44.840572, 20.220674 44.840575, 20.220677 44.840579, 20.22068 44.840583, 20.220681 44.840587, 20.220682 44.840592, 20.220682 44.840622, 20.22068 44.840628, 20.220677 44.840634, 20.220673 44.840639, 20.220667 44.840644, 20.220661 44.840649, 20.220653 44.840652, 20.220645 44.840654, 20.220635 44.840656, 20.220625 44.840658, 20.220616 44.840662, 20.220608 44.840666, 20.220602 44.840672, 20.220596 44.840678, 20.220586 44.840704, 20.220584 44.840709, 20.220583 44.840714, 20.220583 44.84072, 20.220585 44.840725, 20.220588 44.84073, 20.220592 44.840734, 20.220597 44.840738, 20.220609 44.840742, 20.220621 44.840747, 20.220631 44.840753, 20.22064 44.840761, 20.220644 44.840767, 20.220648 44.840773, 20.22065 44.840779, 20.22065 44.840786, 20.22065 44.840792, 20.220647 44.840798, 20.220629 44.840877, 20.220626 44.84088, 20.220624 44.840884, 20.22062 44.840886, 20.220616 44.840889, 20.220611 44.840891, 20.220606 44.840892, 20.220601 44.840893, 20.220595 44.840893, 20.22059 44.840893, 20.220584 44.840892, 20.220579 44.84089, 20.220575 44.840888, 20.220571 44.840885, 20.220568 44.840882, 20.220565 44.840878, 20.220562 44.840876, 20.220559 44.840873, 20.220554 44.840871, 20.22055 44.840869, 20.220545 44.840868, 20.22054 44.840868, 20.220535 44.840868, 20.22053 44.840869, 20.220525 44.84087, 20.220521 44.840872, 20.220516 44.840875, 20.220512 44.840879, 20.220508 44.840883, 20.220506 44.840887, 20.220504 44.840892, 20.220504 44.840896, 20.220502 44.840934, 20.2205 44.840938, 20.220497 44.840942, 20.220494 44.840946, 20.22049 44.840949, 20.220485 44.840952, 20.220479 44.840954, 20.220473 44.840955, 20.220468 44.840956, 20.220463 44.840957, 20.220458 44.840959, 20.220454 44.840961, 20.22045 44.840964, 20.220448 44.840967, 20.220443 44.840972, 20.220438 44.840976, 20.220431 44.84098, 20.220424 44.840982, 20.220416 44.840984, 20.220396 44.840986, 20.220376 44.840991, 20.220358 44.840998, 20.220337 44.841004, 20.22032 44.841012, 20.220301 44.841023))",20.220660341697926,44.840835850000005
way,766267583.0,swimming_pool,,,,,,,,,,,,,osm,,,,,,leisure=swimming_pool,,,,,,,,,,,,,,,,,,,,,,,,,,,,,,,,,,,,,,,,,,,,,,,,,,,,,,,,,,,,,,,,,,,,,,,,,,,,,,,,,,,,,,,False,,,False,,"POLYGON ((20.220517 44.840385, 20.22059 44.840384, 20.220622 44.840384, 20.220636 44.840385, 20.220648 44.840387, 20.220663 44.84039, 20.220674 44.840393, 20.220688 44.840398, 20.220709 44.840406, 20.220735 44.840417, 20.220744 44.840419, 20.220754 44.840421, 20.220764 44.840421, 20.220774 44.840421, 20.220784 44.840419, 20.220791 44.840416, 20.220798 44.840413, 20.220804 44.840409, 20.220809 44.840405, 20.220813 44.8404, 20.220817 44.840392, 20.220819 44.840384, 20.22082 44.840376, 20.220819 44.84037, 20.220818 44.840364, 20.220815 44.840359, 20.220811 44.840354, 20.220807 44.84035, 20.2208 44.840345, 20.220793 44.840342, 20.220785 44.840339, 20.220777 44.840337, 20.220766 44.840336, 20.220756 44.840336, 20.220745 44.840338, 20.220735 44.84034, 20.220726 44.840344, 20.220711 44.840351, 20.220707 44.840354, 20.220703 44.840357, 20.220699 44.840362, 20.220695 44.840367, 20.220692 44.840369, 20.220688 44.840371, 20.220684 44.84037, 20.220681 44.84037, 20.220677 44.840368, 20.220673 44.840366, 20.220665 44.840365, 20.220657 44.840365, 20.22065 44.840365, 20.220642 44.840366, 20.220637 44.840368, 20.220632 44.840369, 20.220627 44.84037, 20.220621 44.84037, 20.220607 44.840368, 20.220597 44.840365, 20.220586 44.840364, 20.220575 44.840363, 20.220566 44.840364, 20.220557 44.840364, 20.220551 44.840363, 20.220546 44.840362, 20.22054 44.84036, 20.220536 44.840358, 20.220535 44.840356, 20.220533 44.840355, 20.220531 44.840354, 20.220529 44.840354, 20.220527 44.840353, 20.220524 44.840353, 20.220522 44.840353, 20.22052 44.840353, 20.220518 44.840354, 20.220516 44.840355, 20.220514 44.840356, 20.220513 44.840357, 20.220498 44.840374, 20.220498 44.840376, 20.220499 44.840378, 20.2205 44.84038, 20.220501 44.840381, 20.220503 44.840382, 20.220506 44.840384, 20.220508 44.840384, 20.220511 44.840385, 20.220517 44.840385))",20.220659293373494,44.840378650000005
way,769134724.0,swimming_pool,,,,,,,,,,,private,,osm,,,,,,leisure=swimming_pool,,,,,,,,,,,,,,,,,,,,,,,,,,,,,,,,,,,,,,,,,,,,,,,,,,,,,,,,,,,,,,,,,,,,,,,,,,,,,,,,,,,,,,,False,,private,True,,"POLYGON ((20.469815 44.622211, 20.469892 44.622157, 20.469865 44.622138, 20.46979 44.62219, 20.469795 44.622206, 20.469815 44.622211))",20.46984091931162,44.62217384999999
way,770657814.0,swimming_pool,,,,,,,,,,,,,osm,,,,,,leisure=swimming_pool,,,,,,,,,,,,,,,,,,,,,,,,,,,,,,,,,,,,,,,,,,,,,,,,,,,,,,,,,,,,,,,,,,,,,,,,,,,,,,,,,,,,,,,False,,,False,,"POLYGON ((20.248663 44.619734, 20.248729 44.619686, 20.248698 44.619663, 20.248631 44.619711, 20.248663 44.619734))",20.248680281549824,44.61969845
way,770897026.0,swimming_pool,,,,,,,,,,,,,osm,,,,,,leisure=swimming_pool,,,,,,,,,,,,,,,,,,,,,,,,,,,,,,,,,,,,,,,,,,,,,,,,,,,,,,,,,,,,,,,,,,,,,,,,,,,,,,,,,,,,,,,False,,,False,,"POLYGON ((20.257247 44.65145, 20.257248 44.651412, 20.257231 44.651408, 20.257215 44.651411, 20.257213 44.651449, 20.257229 44.651453, 20.257247 44.65145))",20.25723077460733,44.651430600000005
way,781362163.0,swimming_pool,,,,,,,,,outdoor,outdoor,private,,osm,Частный бассейн,yes,,,,leisure=swimming_pool,,,,,,,,,,,,,,,,,,,,,,,,,,,,,,,,,,,,,,,,,,,,,,,,,,,,,,,,,,,,,,,,,,,,,,,,,,,,,,,,,,,,,,,False,,private,True,,"POLYGON ((20.455018 44.761588, 20.45509 44.761575, 20.455056 44.761483, 20.454984 44.761496, 20.455018 44.761588))",20.455037249999997,44.7615354
way,814937145.0,swimming_pool,,,,,,,,,,,,,osm,,,,,,leisure=swimming_pool,,,,,,,,,,,,,,,,,,,,,,,,,,,,,,,,,,,,,,,,,,,,,,,,,,,,,,,,,,,,,,,,,,,,,,,,,,,,,,,,,,,,,,,False,,,False,,"POLYGON ((20.237287 44.618125, 20.237305 44.618126, 20.237318 44.618135, 20.237322 44.618147, 20.237315 44.618158, 20.237299 44.618165, 20.237282 44.618164, 20.237268 44.618155, 20.237264 44.618143, 20.237272 44.618131, 20.237287 44.618125))",20.23729315,44.61814485000001
way,846939276.0,swimming_pool,swimming,,,,,,,,indoor,,,,osm,,,,,,leisure=swimming_pool,,,,,,,,,,,,,,,,,,,,,,,,,,,,,,,,,,,,,,,,,,,,,,,,,,,,,,,,,,,,,,,,,,,,,,,,,,,,,,,,,,,394.0,sports_centre,СРПЦ „25. мај – Милан Гале Мушкатировић”,32.13750195080893,False,,,False,sports_centre,"POLYGON ((20.45384 44.829981, 20.453991 44.830139, 20.453464 44.830392, 20.453313 44.830234, 20.45384 44.829981))",20.453652240604036,44.830186499999996
way,855605115.0,swimming_pool,,,,,,,,,,,,,osm,,,,,,leisure=swimming_pool,,,,,,,,,,,,,,,,,,,,,,,,,,,,,,,,,,,,,,,,,,,,,,,,,,,,,,,,,,,,,,,,,,,,,,,,,,,,,,,,,,,,,,,False,,,False,,"POLYGON ((20.516082 44.537582, 20.516085 44.537589, 20.516086 44.537596, 20.516083 44.537603, 20.516077 44.537609, 20.516068 44.537614, 20.516059 44.537616, 20.516002 44.53762, 20.515991 44.537619, 20.515981 44.537616, 20.515972 44.537611, 20.515967 44.537604, 20.515966 44.537597, 20.515968 44.537589, 20.515974 44.537582, 20.515981 44.537578, 20.515991 44.537575, 20.516058 44.537571, 20.516067 44.537573, 20.516076 44.537577, 20.516082 44.537582))",20.51602607857143,44.53759290000001
way,877552503.0,swimming_pool,,,,,,,,,,,,,osm,,,,,,leisure=swimming_pool,,,,,,,,,,,,,,,,,,,,,,,,,,,,,,,,,,,,,,,,,,,,,,,,,,,,,,,,,,,,,,,,,,,,,,,,,,,,,,,,,,,,,,,False,,,False,,"POLYGON ((20.472627 44.783247, 20.472596 44.783173, 20.472537 44.783183, 20.472567 44.783255, 20.472579 44.783264, 20.472594 44.783268, 20.472613 44.783266, 20.472626 44.783257, 20.472627 44.783247))",20.472581897417683,44.78321505
way,909023388.0,swimming_pool,,,,,,,,,,,,,osm,,,,,,leisure=swimming_pool,,,,,,,,,,,,,,,,,,,,,,,,,,,,,,,,,,,,,,,,,,,,,,,,,,,,,,,,,,,,,,,,,,,,,,,,,,,,,,,,,,,,,,,False,,,False,,"POLYGON ((20.162011 44.638872, 20.162 44.638878, 20.161987 44.638879, 20.161964 44.638879, 20.161956 44.638873, 20.16195 44.638856, 20.161954 44.638846, 20.161967 44.638834, 20.161983 44.63883, 20.161995 44.63883, 20.162011 44.638834, 20.162021 44.638848, 20.162021 44.63886, 20.162014 44.638866, 20.162011 44.638872))",20.16198635510204,44.63885199999999
way,914483057.0,swimming_pool,,,,,,,,,,,private,,osm,,,,,,leisure=swimming_pool,,,,,,,,,,,,,,,,,,,,,,,,,,,,,,,,,,,,,,,,,,,,,,,,,,,,,,,,,,,,,,,,,,,,,,,,,,,,,,,,,,,,,,,False,,private,True,,"POLYGON ((20.466202 44.777818, 20.466244 44.777775, 20.466116 44.777711, 20.466074 44.777754, 20.466202 44.777818))",20.466158999999994,44.77776434999999
way,915145740.0,swimming_pool,,,,,,,,,,,,,osm,,,,,,leisure=swimming_pool,,,,,,,,,,,,,,,,,,,,,,,,,,,,,,,,,,,,,,,,,,,,,,,,,,,,,,,,,,,,,,,,,,,,,,,,,,,,,,,,,,,,,,,False,,,False,,"POLYGON ((20.300382 44.671867, 20.300377 44.671856, 20.300368 44.671848, 20.300356 44.671842, 20.300342 44.671839, 20.300327 44.67184, 20.300313 44.671844, 20.300302 44.671851, 20.300295 44.67186, 20.300292 44.67187, 20.300294 44.671881, 20.300301 44.67189, 20.300312 44.671897, 20.300325 44.671902, 20.300339 44.671903, 20.300353 44.671901, 20.300366 44.671895, 20.300376 44.671887, 20.300381 44.671877, 20.300382 44.671867))",20.300337096855344,44.671873899999994
way,915155815.0,swimming_pool,,,,,,,,,,,,,osm,,,,,,leisure=swimming_pool,,,,,,,,,,,,,,,,,,,,,,,,,,,,,,,,,,,,,,,,,,,,,,,,,,,,,,,,,,,,,,,,,,,,,,,,,,,,,,,,,,,,,,,False,,,False,,"POLYGON ((20.295857 44.666576, 20.295825 44.666558, 20.29579 44.666581, 20.295769 44.666605, 20.295801 44.666629, 20.295842 44.666606, 20.295857 44.666576))",20.29581422018581,44.66659314999998
way,975429568.0,swimming_pool,,,,,,,,,outdoor,,,,osm,,,,,,leisure=swimming_pool,,,,,,,,,,,,,,,,,,,,,,,,,,,,,,,,,,,,,,,,,,,,,,,,,,,,,,,,,,,,,,,,,,,,,,,,,,,,,,,,,,,485.0,waterpark,,36.7847674264639,False,,,False,waterpark,"POLYGON ((20.212333 44.656852, 20.212318 44.656846, 20.212303 44.656834, 20.2123 44.656818, 20.212311 44.656803, 20.212336 44.656786, 20.212368 44.656776, 20.212393 44.656771, 20.212421 44.656766, 20.212453 44.656774, 20.212486 44.656784, 20.212505 44.656804, 20.212514 44.656819, 20.212516 44.656835, 20.212501 44.656845, 20.212489 44.656849, 20.212474 44.65685, 20.212456 44.656847, 20.212435 44.656839, 20.212425 44.656827, 20.212416 44.656818, 20.212407 44.656814, 20.212398 44.656816, 20.212389 44.656824, 20.212379 44.656833, 20.212368 44.656843, 20.212359 44.656849, 20.212349 44.656854, 20.212333 44.656852))",20.212407543589745,44.65680889999998
way,993317951.0,swimming_pool,,,,,,,,,,,,,osm,,,,,,leisure=swimming_pool,,,,,,,,,,,,,,,,,,,,,,,,,,,,,,,,,,,,,,,,,,,,,,,,,,,,,,,,,,,,,,,,,,,,,,,,,,,,,,,,,,,401.0,sports_centre,Центар здравља Извор,44.50573524357731,False,,,False,sports_centre,"POLYGON ((20.517544 44.51531, 20.517633 44.515385, 20.517692 44.515349, 20.517603 44.515274, 20.517544 44.51531))",20.51761805,44.51532964999999
way,1012617935.0,swimming_pool,,,,,,,,,,,,,osm,,,,,,leisure=swimming_pool,,,,,,,,,,,,,,,,,,,,,,,,,,,,,,,,,,,,,,,,,,,,,,,,,,,,,,,,,,,,,,,,,,,,,,,,,,,,,,,,,,,,,,,False,,,False,,"POLYGON ((20.688392 44.427931, 20.688416 44.427939, 20.68843 44.427954, 20.688432 44.427972, 20.688421 44.427989, 20.6884 44.427999, 20.688374 44.428001, 20.688351 44.427993, 20.688336 44.427978, 20.688334 44.427959, 20.688346 44.427943, 20.688367 44.427932, 20.688392 44.427931))",20.688383367663043,44.4279658
way,1012617936.0,swimming_pool,,,,,,,,,,,,,osm,,,,,,leisure=swimming_pool,,,,,,,,,,,,,,,,,,,,,,,,,,,,,,,,,,,,,,,,,,,,,,,,,,,,,,,,,,,,,,,,,,,,,,,,,,,,,,,,,,,,,,,False,,,False,,"POLYGON ((20.68783 44.428121, 20.687879 44.427992, 20.687896 44.427996, 20.687903 44.427984, 20.687912 44.427979, 20.687921 44.427978, 20.687931 44.427978, 20.687943 44.42798, 20.687953 44.427985, 20.687959 44.427996, 20.687963 44.428006, 20.688046 44.428021, 20.688042 44.428035, 20.688186 44.428064, 20.688174 44.428091, 20.688232 44.428101, 20.688215 44.428132, 20.688224 44.428139, 20.688229 44.428148, 20.68823 44.428159, 20.688228 44.42817, 20.688224 44.428177, 20.688213 44.428182, 20.6882 44.428185, 20.688181 44.428184, 20.68783 44.428121))",20.688013378125,44.42807715
way,1013767680.0,swimming_pool,,,,,,,,,,,private,,osm,,,,,,leisure=swimming_pool,,,,,,,,,,,,,,,,,,,,,,,,,,,,,,,,,,,,,,,,,,,,,,,,,,,,,,,,,,,,,,,,,,,,,,,,,,,,,,,,,,,,,,,False,,private,True,,"POLYGON ((20.707412 44.443631, 20.707448 44.443626, 20.707423 44.443541, 20.707387 44.443546, 20.707412 44.443631))",20.70741738035598,44.4435859
way,1013767691.0,swimming_pool,,,,,,,,,,,,,osm,,,,,,leisure=swimming_pool,,,,,,,,,,,,,,,,,,,,,,,,,,,,,,,,,,,,,,,,,,,,,,,,,,,,,,,,,,,,,,,,,,,,,,,,,,,,,,,,,,,,,,,False,,,False,,"POLYGON ((20.706087 44.444206, 20.706213 44.444192, 20.706202 44.44414, 20.706076 44.444154, 20.706087 44.444206))",20.706144081835937,44.44417289999999
way,1013767692.0,swimming_pool,,,,,,,,,,,,,osm,,,,,,leisure=swimming_pool,,,,,,,,,,,,,,,,,,,,,,,,,,,,,,,,,,,,,,,,,,,,,,,,,,,,,,,,,,,,,,,,,,,,,,,,,,,,,,,,,,,,,,,False,,,False,,"POLYGON ((20.705705 44.444116, 20.706043 44.444056, 20.706005 44.443945, 20.705667 44.444004, 20.705705 44.444116))",20.705855245985326,44.444030299999994
way,1016632010.0,swimming_pool,,,,,,,,,,,private,,osm,,,,,,leisure=swimming_pool,,,,,,,,,,,,,,,,,,,,,,,,,,,,,,,,,,,,,,,,,,,,,,,,,,,,,,,,,,,,,,,,,,,,,,,,,,,,,,,,,,,,,,,False,,private,True,,"POLYGON ((20.807916 44.487175, 20.807952 44.487187, 20.807988 44.487133, 20.807952 44.487121, 20.807916 44.487175))",20.807952049999997,44.48715369999999
way,1020009765.0,swimming_pool,,,,,,,,,,,private,,osm,,,,,,leisure=swimming_pool,,,,,,,,,,,,,,,,,,,,,,,,,,,,,,,,,,,,,,,,,,,,,,,,,,,,,,,,,,,,,,,,,,,,,,,,,,,,,,,,,,,,,,,False,,private,True,,"POLYGON ((20.71009 44.534815, 20.710132 44.534826, 20.710161 44.534766, 20.710119 44.534755, 20.71009 44.534815))",20.7101255898824,44.53479049999999
way,1026702613.0,swimming_pool,,,,,,,,,,,,,osm,,,,,,leisure=swimming_pool,,,,,,,,,,,,,,,,,,,,,,,,,,,,,,,,,,,,,,,,,,,,,,,,,,,,,,,,,,,,,,,,,,,,,,,,,,,,,,,,,,,,,,,False,,,False,,"POLYGON ((20.603539 44.452624, 20.603571 44.452641, 20.603621 44.452663, 20.603646 44.452676, 20.603666 44.45269, 20.603676 44.452693, 20.603699 44.452685, 20.603717 44.452668, 20.603774 44.452573, 20.603689 44.452544, 20.603694 44.452536, 20.603641 44.452511, 20.60362 44.452498, 20.603579 44.452501, 20.603563 44.45252, 20.60355 44.452548, 20.603541 44.452573, 20.603538 44.452583, 20.603539 44.452624))",20.603647182635207,44.45260345
way,1026702614.0,swimming_pool,,,,,,,,,,,,,osm,,,,,,leisure=swimming_pool,,,,,,,,,,,,,,,,,,,,,,,,,,,,,,,,,,,,,,,,,,,,,,,,,,,,,,,,,,,,,,,,,,,,,,,,,,,,,,,,,,,,,,,False,,,False,,"POLYGON ((20.603265 44.45261, 20.6034 44.452627, 20.603425 44.452527, 20.603405 44.452524, 20.603411 44.4525, 20.603311 44.452487, 20.603304 44.452516, 20.603289 44.452514, 20.603265 44.45261))",20.603344903850825,44.45256815
way,1072085857.0,swimming_pool,,,,,,,,,,,,,osm,,,,,,leisure=swimming_pool,,,,,,,,,,,,,,,,,,,,,,,,,,,,,,,,,,,,,,,,,,,,,,,,,,,,,,,,,,,,,,,,,,,,,,,,,,,,,,,,,,,486.0,waterpark,Hollywoodland Aquapark,23.918479700347397,False,,,False,waterpark,"POLYGON ((20.343522 44.801121, 20.343552 44.801032, 20.343712 44.80106, 20.343739 44.800979, 20.343585 44.800953, 20.343614 44.800868, 20.344066 44.800946, 20.344037 44.80103, 20.34387 44.801002, 20.343842 44.801084, 20.344022 44.801115, 20.343992 44.801203, 20.343522 44.801121))",20.343785907814087,44.80104585
way,1072085875.0,swimming_pool,,,,,,,,,,,,,osm,,,,,,leisure=swimming_pool,,,,,,,,,,,,,,,,,,,,,,,,,,,,,,,,,,,,,,,,,,,,,,,,,,,,,,,,,,,,,,,,,,,,,,,,,,,,,,,,,,,183.0,hotel,Hotel Hollywoodland,15.471333355714474,False,,,False,hotel,"POLYGON ((20.343103 44.801472, 20.342882 44.801433, 20.342863 44.801414, 20.342861 44.801394, 20.342869 44.801376, 20.342882 44.801364, 20.342901 44.801362, 20.343125 44.801405, 20.343146 44.801417, 20.343157 44.801436, 20.343149 44.80145, 20.343128 44.801468, 20.343103 44.801472))",20.343012421491338,44.80142514999999
way,1115184015.0,swimming_pool,,,,,,,,,,,,,osm,,,,,,leisure=swimming_pool,,,,,,,,,,,,,,,,,,,,,,,,,,,,,,,,,,,,,,,,,,,,,,,,,,,,,,,,,,,,,,,,,,,,,,,,,,,,,,,,,,,444.0,sports_centre,,38.05007039098019,False,,,False,sports_centre,"POLYGON ((20.251792 44.38306, 20.251894 44.383063, 20.251896 44.383016, 20.251794 44.383014, 20.251792 44.38306))",20.25184375,44.38303804999999
way,1224606184.0,swimming_pool,,,,,,,,,,,private,,osm,,,,,,leisure=swimming_pool,,,,,,,,,,,,,,,,,,,,,,,,,,,,,,,,,,,,,,,,,,,,,,,,,,,,,,,,,,,,,,,,,,,,,,,,,,,,,,,,,,,,,,,False,,private,True,,"POLYGON ((20.451615 44.782462, 20.451572 44.782403, 20.451611 44.782389, 20.451654 44.782448, 20.451615 44.782462))",20.451612830954396,44.782425450000005
way,1224606185.0,swimming_pool,,,,,,,,,,,private,,osm,,,,,,leisure=swimming_pool,,,,,,,,,,,,,,,,,,,,,,,,,,,,,,,,,,,,,,,,,,,,,,,,,,,,,,,,,,,,,,,,,,,,,,,,,,,,,,,,,,,,,,,False,,private,True,,"POLYGON ((20.453652 44.781848, 20.453601 44.781802, 20.453778 44.781703, 20.453829 44.781749, 20.453652 44.781848))",20.453714837496868,44.78177529999999
way,1224606186.0,swimming_pool,,,,,,,,,,,private,,osm,,,,,,leisure=swimming_pool,,,,,,,,,,,,,,,,,,,,,,,,,,,,,,,,,,,,,,,,,,,,,,,,,,,,,,,,,,,,,,,,,,,,,,,,,,,,,,,,,,,,,,,False,,private,True,,"POLYGON ((20.452351 44.782428, 20.452312 44.782384, 20.452441 44.782327, 20.45248 44.782371, 20.452351 44.782428))",20.452395950000007,44.78237744999999
way,1224606206.0,swimming_pool,,,,,,,,,,,private,,osm,,,,,,leisure=swimming_pool,,,,,,,,,,,,,,,,,,,,,,,,,,,,,,,,,,,,,,,,,,,,,,,,,,,,,,,,,,,,,,,,,,,,,,,,,,,,,,,,,,,,,,,False,,private,True,,"POLYGON ((20.456519 44.784464, 20.456516 44.784457, 20.456549 44.78439, 20.456561 44.784371, 20.456576 44.784375, 20.456584 44.784374, 20.456592 44.78437, 20.4566 44.784365, 20.456625 44.784371, 20.456628 44.784384, 20.456639 44.784391, 20.456653 44.784395, 20.456608 44.784485, 20.456603 44.784487, 20.456599 44.784487, 20.456519 44.784464))",20.456584291294643,44.78442605
way,1245858195.0,swimming_pool,,,,,,,,,,,private,,osm,,,,,,leisure=swimming_pool,,,,,,,,,,,,,,,,,,,,,,,,,,,,,,,,,,,,,,,,,,,,,,,,,,,,,,,,,,,,,,,,,,,,,,,,,,,,,,,,,,,,,,,False,,private,True,,"POLYGON ((20.409411 44.847694, 20.409442 44.847672, 20.40951 44.847721, 20.409478 44.847743, 20.409411 44.847694))",20.409460169205516,44.8477075
way,1271440797.0,swimming_pool,,,,,,,,,,,private,,osm,,,,,,leisure=swimming_pool,,,,,,,,,,,,,,,,,,,,,,,,,,,,,,,,,,,,,,,,,,,,,,,,,,,,,,,,,,,,,,,,,,,,,,,,,,,,,,,,,,,,,,,False,,private,True,,"POLYGON ((20.384405 44.859027, 20.384321 44.858944, 20.384376 44.858916, 20.38446 44.858999, 20.384405 44.859027))",20.38439025010004,44.8589714
way,1302223933.0,swimming_pool,,,,,,,,,outdoor,kids,customers,,osm,,,,,,leisure=swimming_pool,,,,,,,,,,,,,,,,,,,,,,,,,,,,,,,,,,,,,,,,,,,,,,,,,,,,,,,,,,,,,,,,,,,,,,,,,,,,,,,,,,,368.0,sports_centre,СРЦ Ташмајдан,63.440704301209024,True,,customers,False,sports_centre,"POLYGON ((20.473041 44.809671, 20.473024 44.809598, 20.473178 44.809476, 20.47328 44.809541, 20.47313 44.809661, 20.473041 44.809671))",20.47315210118885,44.809569350000004
way,1311283270.0,swimming_pool,,,,,,,,,,,,,osm,,,,,,leisure=swimming_pool,,,,,,,,,,,,,,,,,,,,,,,,,,,,,,,,,,,,,,,,,,,,,,,,,,,,,,,,,,,,,,,,,,,,,,,,,,,,,,,,,,,,,,,False,,,False,,"POLYGON ((20.408751 44.785585, 20.408875 44.785606, 20.408904 44.785519, 20.408781 44.785498, 20.408751 44.785585))",20.408827781,44.78555215
way,1311283271.0,swimming_pool,,,,,,,,,,,,,osm,,,,,,leisure=swimming_pool,,,,,,,,,,,,,,,,,,,,,,,,,,,,,,,,,,,,,,,,,,,,,,,,,,,,,,,,,,,,,,,,,,,,,,,,,,,,,,,,,,,,,,,False,,,False,,"POLYGON ((20.408513 44.785477, 20.408606 44.785534, 20.40869 44.785465, 20.408596 44.785408, 20.408513 44.785477))",20.408601499999996,44.78547075
way,1311283272.0,swimming_pool,,,,,,,,,,,,,osm,,,,,,leisure=swimming_pool,,,,,,,,,,,,,,,,,,,,,,,,,,,,,,,,,,,,,,,,,,,,,,,,,,,,,,,,,,,,,,,,,,,,,,,,,,,,,,,,,,,,,,,False,,,False,,"POLYGON ((20.408145 44.785498, 20.408243 44.785574, 20.40834 44.785498, 20.408242 44.78543, 20.408191 44.785464, 20.408145 44.785498))",20.408242953252298,44.78553614999999
way,1311283273.0,swimming_pool,,,,,,,,,,,,,osm,,,,,,leisure=swimming_pool,,,,,,,,,,,,,,,,,,,,,,,,,,,,,,,,,,,,,,,,,,,,,,,,,,,,,,,,,,,,,,,,,,,,,,,,,,,,,,,,,,,,,,,False,,,False,,"POLYGON ((20.40788 44.785745, 20.408129 44.785755, 20.408136 44.785659, 20.407887 44.78565, 20.40788 44.785745))",20.408007972518288,44.7857023
way,1365480404.0,swimming_pool,,,,,,,,,,,,,osm,,,,,,leisure=swimming_pool,,,,,,,,,,,,,,,,,,,,,,,,,,,,,,,,,,,,,,,,,,,,,,,,,,,,,,,,,,,,,,,,,,,,,,,,,,,,,,,,,,,,,,,False,,,False,,"POLYGON ((20.461152 44.78464, 20.461201 44.784647, 20.461229 44.784682, 20.461222 44.784708, 20.461086 44.784689, 20.461091 44.78466, 20.461145 44.784666, 20.461152 44.78464))",20.461155783448834,44.78467410000001
way,1365480405.0,swimming_pool,,,,,,,,,,,,,osm,,,,,,leisure=swimming_pool,,,,,,,,,,,,,,,,,,,,,,,,,,,,,,,,,,,,,,,,,,,,,,,,,,,,,,,,,,,,,,,,,,,,,,,,,,,,,,,,,,,,,,,False,,,False,,"POLYGON ((20.46199 44.783472, 20.461926 44.783594, 20.461898 44.783606, 20.461863 44.783602, 20.461854 44.783574, 20.461906 44.783453, 20.46199 44.783472))",20.461919516380597,44.78352250000001
way,1365480406.0,swimming_pool,,,,,,,,,,,,,osm,,,,,,leisure=swimming_pool,,,,,,,,,,,,,,,,,,,,,,,,,,,,,,,,,,,,,,,,,,,,,,,,,,,,,,,,,,,,,,,,,,,,,,,,,,,,,,,,,,,,,,,False,,,False,,"POLYGON ((20.460364 44.784264, 20.460401 44.78429, 20.460392 44.78431, 20.460366 44.784318, 20.460315 44.784326, 20.46029 44.784325, 20.460302 44.784294, 20.460331 44.784267, 20.460364 44.784264))",20.460347343181706,44.784301850000006
way,1365480407.0,swimming_pool,,,,,,,,,,,,,osm,,,,,,leisure=swimming_pool,,,,,,,,,,,,,,,,,,,,,,,,,,,,,,,,,,,,,,,,,,,,,,,,,,,,,,,,,,,,,,,,,,,,,,,,,,,,,,,,,,,,,,,False,,,False,,"POLYGON ((20.459948 44.784062, 20.459983 44.783983, 20.459832 44.783948, 20.459796 44.784028, 20.459948 44.784062))",20.459889806350326,44.78400525
way,1365480408.0,swimming_pool,,,,,,,,,,,,,osm,,,,,,leisure=swimming_pool,,,,,,,,,,,,,,,,,,,,,,,,,,,,,,,,,,,,,,,,,,,,,,,,,,,,,,,,,,,,,,,,,,,,,,,,,,,,,,,,,,,,,,,False,,,False,,"POLYGON ((20.460782 44.782312, 20.460735 44.782392, 20.46066 44.78237, 20.460707 44.78229, 20.460782 44.782312))",20.46072135,44.7823406
way,1365480409.0,swimming_pool,,,,,,,,,,,,,osm,,,,,,leisure=swimming_pool,,,,,,,,,,,,,,,,,,,,,,,,,,,,,,,,,,,,,,,,,,,,,,,,,,,,,,,,,,,,,,,,,,,,,,,,,,,,,,,,,,,,,,,False,,,False,,"POLYGON ((20.461955 44.781182, 20.461955 44.781204, 20.46192 44.781233, 20.46188 44.781238, 20.461864 44.781225, 20.461864 44.781208, 20.461908 44.781169, 20.461936 44.78117, 20.461955 44.781182))",20.461918215816326,44.78119279999999
way,1365480410.0,swimming_pool,,,,,,,,,,,,,osm,,,,,,leisure=swimming_pool,,,,,,,,,,,,,,,,,,,,,,,,,,,,,,,,,,,,,,,,,,,,,,,,,,,,,,,,,,,,,,,,,,,,,,,,,,,,,,,,,,,,,,,False,,,False,,"POLYGON ((20.461088 44.781763, 20.461125 44.781788, 20.461044 44.781851, 20.461007 44.781826, 20.461088 44.781763))",20.461066065357137,44.781806950000004
way,1365480411.0,swimming_pool,,,,,,,,,,,,,osm,,,,,,leisure=swimming_pool,,,,,,,,,,,,,,,,,,,,,,,,,,,,,,,,,,,,,,,,,,,,,,,,,,,,,,,,,,,,,,,,,,,,,,,,,,,,,,,,,,,,,,,False,,,False,,"POLYGON ((20.461372 44.776806, 20.461464 44.776849, 20.461427 44.776889, 20.461334 44.776846, 20.461372 44.776806))",20.46139915183909,44.776847499999995
way,1365480412.0,swimming_pool,,,,,,,,,,,,,osm,,,,,,leisure=swimming_pool,,,,,,,,,,,,,,,,,,,,,,,,,,,,,,,,,,,,,,,,,,,,,,,,,,,,,,,,,,,,,,,,,,,,,,,,,,,,,,,,,,,,,,,False,,,False,,"POLYGON ((20.460187 44.776728, 20.460278 44.776777, 20.460244 44.776809, 20.460152 44.776759, 20.460187 44.776728))",20.460215383405306,44.77676835
way,1365480413.0,swimming_pool,,,,,,,,,,,,,osm,,,,,,leisure=swimming_pool,,,,,,,,,,,,,,,,,,,,,,,,,,,,,,,,,,,,,,,,,,,,,,,,,,,,,,,,,,,,,,,,,,,,,,,,,,,,,,,,,,,,,,,False,,,False,,"POLYGON ((20.459984 44.776993, 20.45986 44.777097, 20.459796 44.777059, 20.45992 44.776955, 20.459984 44.776993))",20.459890150000003,44.777026
way,1365480414.0,swimming_pool,,,,,,,,,,,,,osm,,,,,,leisure=swimming_pool,,,,,,,,,,,,,,,,,,,,,,,,,,,,,,,,,,,,,,,,,,,,,,,,,,,,,,,,,,,,,,,,,,,,,,,,,,,,,,,,,,,,,,,False,,,False,,"POLYGON ((20.461488 44.775372, 20.461541 44.775395, 20.461484 44.77546, 20.461431 44.775436, 20.461488 44.775372))",20.461486115813955,44.775415699999996
way,1367355485.0,swimming_pool,,,,,,,,,,,private,,osm,,,,,,leisure=swimming_pool,,,,,,,,,,,,,,,,,,,,,,,,,,,,,,,,,,,,,,,,,,,,,,,,,,,,,,,,,,,,,,,,,,,,,,,,,,,,,,,,,,,,,,,False,,private,True,,"POLYGON ((20.454151 44.788235, 20.454117 44.788202, 20.454229 44.788143, 20.454263 44.788176, 20.454151 44.788235))",20.454189979305625,44.78818904999999
way,1367355488.0,swimming_pool,,,,,,,,,,,private,,osm,,,,,,leisure=swimming_pool,,,,,,,,,,,,,,,,,,,,,,,,,,,,,,,,,,,,,,,,,,,,,,,,,,,,,,,,,,,,,,,,,,,,,,,,,,,,,,,,,,,,,,,False,,private,True,,"POLYGON ((20.454522 44.788433, 20.454593 44.78837, 20.454761 44.788465, 20.454713 44.788507, 20.454601 44.788444, 20.454577 44.788464, 20.454522 44.788433))",20.45462267271646,44.78843834999999
way,1367355490.0,swimming_pool,,,,,,,,,,,private,,osm,,,,,,leisure=swimming_pool,,,,,,,,,,,,,,,,,,,,,,,,,,,,,,,,,,,,,,,,,,,,,,,,,,,,,,,,,,,,,,,,,,,,,,,,,,,,,,,,,,,,,,,False,,private,True,,"POLYGON ((20.455846 44.785857, 20.455878 44.785829, 20.455824 44.785799, 20.455793 44.785826, 20.455846 44.785857))",20.455835447622945,44.78582774999999
way,1367355491.0,swimming_pool,,,,,,,,,,,private,,osm,,,,,,leisure=swimming_pool,,,,,,,,,,,,,,,,,,,,,,,,,,,,,,,,,,,,,,,,,,,,,,,,,,,,,,,,,,,,,,,,,,,,,,,,,,,,,,,,,,,,,,,False,,private,True,,"POLYGON ((20.454123 44.786238, 20.454085 44.78619, 20.45422 44.786136, 20.454258 44.786184, 20.454123 44.786238))",20.454171657333855,44.786186900000004
way,1376676386.0,swimming_pool,,,,,,,,,,,,,osm,,,,,,leisure=swimming_pool,,,,,,,,,,,,,,,,,,,,,,,,,,,,,,,,,,,,,,,,,,,,,,,,,,,,,,,,,,,,,,,,,,,,,,,,,,,,,,,,,,,,,,,False,,,False,,"POLYGON ((20.437555 44.791979, 20.437661 44.791936, 20.43763 44.791896, 20.437523 44.791939, 20.437555 44.791979))",20.437592199999997,44.791937749999995
way,1376676387.0,swimming_pool,,,,,,,,,,,,,osm,,,,,,leisure=swimming_pool,,,,,,,,,,,,,,,,,,,,,,,,,,,,,,,,,,,,,,,,,,,,,,,,,,,,,,,,,,,,,,,,,,,,,,,,,,,,,,,,,,,,,,,False,,,False,,"POLYGON ((20.437133 44.79195, 20.437232 44.791881, 20.437185 44.791847, 20.437086 44.791916, 20.437133 44.79195))",20.437158818236256,44.79189825
way,1376681157.0,swimming_pool,,,,,,,,,,,,,osm,,,,,,leisure=swimming_pool,,,,,,,,,,,,,,,,,,,,,,,,,,,,,,,,,,,,,,,,,,,,,,,,,,,,,,,,,,,,,,,,,,,,,,,,,,,,,,,,,,,290.0,gym,Mavic,62.42544444782654,False,,,False,gym,"POLYGON ((20.463474 44.77321, 20.46337 44.773161, 20.463402 44.773127, 20.463506 44.773176, 20.463474 44.77321))",20.46343760000001,44.773168350000006
way,1378860977.0,swimming_pool,,,,,,,,,,,private,,osm,,,,,,leisure=swimming_pool,,,,,,,,,,,,,,,,,,,,,,,,,,,,,,,,,,,,,,,,,,,,,,,,,,,,,,,,,,,,,,,,,,,,,,,,,,,,,,,,,,,,,,,False,,private,True,,"POLYGON ((20.462489 44.73736, 20.462562 44.737256, 20.462645 44.737285, 20.462572 44.737389, 20.462489 44.73736))",20.462567050000004,44.73732224999999
way,1382955868.0,swimming_pool,,,,,,,,,,,,,osm,,,,,,leisure=swimming_pool,,,,,,,,,,,,,,,,,,,,,,,,,,,,,,,,,,,,,,,,,,,,,,,,,,,,,,,,,,,,,,,,,,,,,,,,,,,,,,,,,,,,,,,False,,,False,,"POLYGON ((20.433251 44.789791, 20.433294 44.78983, 20.433226 44.78987, 20.433207 44.789871, 20.433186 44.789867, 20.433177 44.789857, 20.433172 44.789843, 20.433176 44.789828, 20.433251 44.789791))",20.43322818415146,44.7898368
way,1421753678.0,swimming_pool,,,,,,,,,outdoor,,,,osm,,,,,,leisure=swimming_pool,,,,,,,,,,,,,,,,,,,,,,,,,,,,,,,,,,,,,,,,,,,,,,,,,,,,,,,,,,,,,,,,,,,,,,,,,,,,,,,,,,,,,,,False,,,False,,"POLYGON ((20.663787 44.444115, 20.663805 44.444118, 20.663837 44.444116, 20.663869 44.444106, 20.663931 44.444064, 20.663995 44.444001, 20.664002 44.443968, 20.663994 44.443941, 20.663966 44.443921, 20.663929 44.443908, 20.663889 44.443907, 20.663848 44.443916, 20.663809 44.443944, 20.663754 44.443984, 20.663729 44.444021, 20.663726 44.444046, 20.663726 44.444071, 20.663737 44.444095, 20.663754 44.444107, 20.66377 44.444112, 20.663787 44.444115))",20.663860390164295,44.44401105
way,1421753679.0,swimming_pool,,,,,,,,,outdoor,,,,osm,,,,,,leisure=swimming_pool,,,,,,,,,,,,,,,,,,,,,,,,,,,,,,,,,,,,,,,,,,,,,,,,,,,,,,,,,,,,,,,,,,,,,,,,,,,,,,,,,,,350.0,sports_centre,Базени Фламинго,76.53299574728247,False,,,False,sports_centre,"POLYGON ((20.663371 44.444136, 20.663406 44.444133, 20.663456 44.444122, 20.663488 44.444108, 20.663511 44.444096, 20.663531 44.444082, 20.663533 44.444067, 20.663531 44.444049, 20.663522 44.444034, 20.663526 44.444017, 20.663549 44.443999, 20.663556 44.443978, 20.663549 44.443958, 20.663535 44.44394, 20.663526 44.443935, 20.663512 44.443937, 20.663497 44.443937, 20.66348 44.44393, 20.663472 44.443921, 20.663454 44.443921, 20.66344 44.443929, 20.66343 44.443942, 20.66341 44.443958, 20.663412 44.443978, 20.663408 44.443996, 20.663393 44.444005, 20.663358 44.444022, 20.663342 44.444028, 20.663328 44.44403, 20.663314 44.444023, 20.6633 44.444017, 20.663292 44.444021, 20.663282 44.444028, 20.663279 44.44404, 20.663289 44.444052, 20.663298 44.444064, 20.663293 44.444069, 20.663289 44.444088, 20.663307 44.444112, 20.66332 44.444125, 20.663339 44.444136, 20.663356 44.444139, 20.663371 44.444136))",20.66342906097561,44.4440289
way,1421753680.0,swimming_pool,,,,,,,,,outdoor,,,,osm,,,,,,leisure=swimming_pool,,,,,,,,,,,,,,,,,,,,,,,,,,,,,,,,,,,,,,,,,,,,,,,,,,,,,,,,,,,,,,,,,,,,,,,,,,,,,,,,,,,350.0,sports_centre,Базени Фламинго,68.3177201659441,False,,,False,sports_centre,"POLYGON ((20.66306 44.444407, 20.663061 44.44443, 20.663072 44.44445, 20.6631 44.44447, 20.663137 44.444472, 20.663165 44.444468, 20.663182 44.444456, 20.663198 44.444448, 20.663215 44.444448, 20.663244 44.444469, 20.663267 44.444475, 20.663295 44.444475, 20.663311 44.444468, 20.663336 44.444454, 20.663353 44.444436, 20.663351 44.444414, 20.663341 44.444397, 20.663324 44.44439, 20.663304 44.444382, 20.663284 44.44438, 20.663271 44.444379, 20.663252 44.44438, 20.663232 44.44439, 20.663203 44.444397, 20.663184 44.444394, 20.663168 44.444384, 20.663166 44.444364, 20.663166 44.44435, 20.663154 44.444333, 20.663138 44.444327, 20.663119 44.444324, 20.663101 44.444326, 20.663086 44.444331, 20.66307 44.444338, 20.663056 44.444354, 20.663054 44.444376, 20.663052 44.444389, 20.66306 44.444407))",20.663201078576783,44.444402049999994
way,1427036939.0,swimming_pool,,,,,,,,,,,private,,osm,,,,,,leisure=swimming_pool,,,,,,,,,,,,,,,,,,,,,,,,,,,,,,,,,,,,,,,,,,,,,,,,,,,,,,,,,,,,,,,,,,,,,,,,,,,,,,,,,,,,,,,False,,private,True,,"POLYGON ((20.44773 44.786241, 20.447775 44.786267, 20.447679 44.786353, 20.447634 44.786328, 20.44773 44.786241))",20.447704599999994,44.78629725
way,1427325255.0,swimming_pool,,,,,,,,,,,,,osm,,,,,,leisure=swimming_pool,,,,,,,,,,,,,,,,,,,,,,,,,,,,,,,,,,,,,,,,,,,,,,,,,,,,,,,,,,,,,,,,,,,,,,,,,,,,,,,,,,,,,,,False,,,False,,"POLYGON ((20.449758 44.783751, 20.449861 44.783853, 20.449807 44.783881, 20.449703 44.783779, 20.449758 44.783751))",20.449782250000005,44.78381575000001
way,1427376067.0,swimming_pool,,,,,,,,,,,,,osm,,,,,,leisure=swimming_pool,,,,,,,,,,,,,,,,,,,,,,,,,,,,,,,,,,,,,,,,,,,,,,,,,,,,,,,,,,,,,,,,,,,,,,,,,,,,,,,,,,,,,,,False,,,False,,"POLYGON ((20.436442 44.790106, 20.436491 44.790072, 20.436391 44.789999, 20.436342 44.790033, 20.436442 44.790106))",20.436416599999994,44.79005255
way,1428933040.0,swimming_pool,,,,,,,,,,,,,osm,,,,,,leisure=swimming_pool,,,,,,,,,,,,,,,,,,,,,,,,,,,,,,,,,,,,,,,,,,,,,,,,,,,,,,,,,,,,,,,,,,,,,,,,,,,,,,,,,,,,,,,False,,,False,,"POLYGON ((20.452309 44.782952, 20.452452 44.782961, 20.452457 44.782921, 20.452314 44.782912, 20.452309 44.782952))",20.4523831309375,44.78293635
way,1429460668.0,swimming_pool,,,,,,,,,,,,,osm,,,,,,leisure=swimming_pool,,,,,,,,,,,,,,,,,,,,,,,,,,,,,,,,,,,,,,,,,,,,,,,,,,,,,,,,,,,,,,,,,,,,,,,,,,,,,,,,,,,,,,,False,,,False,,"POLYGON ((20.44983 44.782426, 20.449896 44.782391, 20.449808 44.782307, 20.449835 44.782293, 20.449799 44.782258, 20.449756 44.782281, 20.449775 44.7823, 20.449726 44.782326, 20.44983 44.782426))",20.44981120289758,44.782358450000004
way,1429460669.0,swimming_pool,,,,,,,,,,,,,osm,,,,,,leisure=swimming_pool,,,,,,,,,,,,,,,,,,,,,,,,,,,,,,,,,,,,,,,,,,,,,,,,,,,,,,,,,,,,,,,,,,,,,,,,,,,,,,,,,,,,,,,False,,,False,,"POLYGON ((20.449782 44.781996, 20.449777 44.78199, 20.449776 44.781983, 20.449778 44.781976, 20.449782 44.78197, 20.44979 44.781966, 20.449799 44.781963, 20.449808 44.781963, 20.449818 44.781965, 20.449825 44.781969, 20.449831 44.781974, 20.449834 44.781981, 20.449834 44.781987, 20.44983 44.781994, 20.449824 44.781999, 20.449816 44.782003, 20.449807 44.782004, 20.449797 44.782004, 20.449789 44.782001, 20.449782 44.781996))",20.44980495341308,44.78198515
way,1429713309.0,swimming_pool,,,,,,,,,,,,,osm,,,,,,leisure=swimming_pool,,,,,,,,,,,,,,,,,,,,,,,,,,,,,,,,,,,,,,,,,,,,,,,,,,,,,,,,,,,,,,,,,,,,,,,,,,,,,,,,,,,,,,,False,,,False,,"POLYGON ((20.452595 44.781517, 20.452644 44.781499, 20.452587 44.781423, 20.452538 44.781442, 20.452595 44.781517))",20.452591185807115,44.781470150000004
way,1443061024.0,swimming_pool,,,,,,,,,,,,,osm,,,,,,leisure=swimming_pool,,,,,,,,,,,,,,,,,,,,,,,,,,,,,,,,,,,,,,,,,,,,,,,,,,,,,,,,,,,,,,,,,,,,,,,,,,,,,,,,,,,,,,,False,,,False,,"POLYGON ((20.565436 44.579525, 20.565408 44.579494, 20.565494 44.579455, 20.565522 44.579486, 20.565436 44.579525))",20.565465100000015,44.57948969999999
node,7369708075.0,water_park,,,,Akva park Hollywoodland,,,,,,,,,osm,,,,,,leisure=water_park,,,,,,,,,,,,,,,,,,,,,,,,,,,,,,,,,,,,,,,,,,,,,,,,,,,,,,,,,,,,,,,,,,,,,,,,,,,,,,,,,,,484.0,waterpark,Akva park Hollywoodland,0.0,False,akva park hollywoodland,,False,waterpark,POINT (20.34234 44.801392),20.3423399,44.8013915
way,975429567.0,water_park,,,,,,,,,,,,,osm,,,,,,leisure=water_park,,,,,,,,,,,,,,,,,,,,,,,,,,,,,,,,,,,,,,,,,,,,,,,,,,,,,,,,,,,,,,,,,,,,,,,,,,,,,,,,,,,485.0,waterpark,,0.0,False,,,False,waterpark,"POLYGON ((20.212677 44.657372, 20.212765 44.657428, 20.212925 44.657414, 20.213072 44.657386, 20.21348 44.657261, 20.213336 44.657028, 20.212912 44.657163, 20.21253 44.656796, 20.212504 44.656776, 20.212469 44.65676, 20.21243 44.656757, 20.212383 44.656754, 20.212335 44.656764, 20.212299 44.656786, 20.212272 44.656821, 20.212264 44.656845, 20.212273 44.656908, 20.212677 44.657372))",20.212639084925968,44.657095850000005
way,1072085874.0,water_park,swimming,,,Hollywoodland Aquapark,,,,,,,,,osm,,,,,,leisure=water_park,,,Hollywoodland Aquapark,https://hollywoodland-wellness-spa.worhot.com/,,,,,,,,,,,,,,,,,,,,,,,,,,,,,,,,,,,,,,,,,,,,,,,,,,,,,,,,,,,,,,,,,,,,,,,,,,,,,,,486.0,waterpark,Hollywoodland Aquapark,0.0,False,hollywoodland aquapark,,False,waterpark,"POLYGON ((20.344363 44.800268, 20.343482 44.800084, 20.34337 44.800362, 20.343631 44.800415, 20.343364 44.801251, 20.343591 44.801291, 20.34398 44.80136, 20.344363 44.800268))",20.343831055136892,44.80083295
way,1362847590.0,water_park,,,Vidik,Видик,Видик,Vidik,,,,,,,osm,,,,,,leisure=water_park,,yes,,,,,,,,,,,,,,,,,,,,,,,,,,,,,,,,,,,,,,,,,,,,,,,,,,,,,,,,,,,,,,,,,,,,,,,,,,,,,,,,,487.0,waterpark,Видик,0.0,False,vidik,,False,waterpark,"POLYGON ((20.299758 44.369491, 20.300015 44.368852, 20.300309 44.368903, 20.300565 44.369052, 20.300691 44.369071, 20.301152 44.369111, 20.301371 44.36912, 20.301806 44.369139, 20.30182 44.369256, 20.301797 44.369343, 20.30129 44.369492, 20.301276 44.3695, 20.301271 44.369926, 20.301407 44.370085, 20.300787 44.370042, 20.300809 44.369803, 20.300721 44.369787, 20.300705 44.369633, 20.299741 44.369673, 20.299759 44.369544, 20.299758 44.369491))",20.300666515896662,44.36941685
node,5964939082.0,,,,Otvorena banja Obrenovac,Отворена бања Обреновац,Отворена бања Обреновац,Otvorena banja Obrenovac,,,,,,,osm,,,,,,amenity=public_bath,,,,,public_bath,yes,no,no,sr:Бања „Цевка” у Обреновцу,,,,,,,,,,,,,,,,,,,,,,,,,,,,,,,,,,,,,,,,,,,,,,,,,,,,,,,,,,,,,,,,,,,,,,,,,,485.0,waterpark,,3.9649797398255453,True,otvorena banja obrenovac,,False,waterpark,POINT (20.212646 44.657131),20.212646,44.6571312
node,9002362583.0,,,,Obrenovacka banja,Обреновачка бања,Обреновачка бања,Obrenovačka banja,,,,,,,osm,,,,,,amenity=public_bath,,,,,public_bath,no,no,yes,sr:Обреновачка бања,Q16084911,,,,,,,,,,,,,,,,,,,,,,,,,,,,,,,,,,,,,,,,,,,,,,,,,,,,,,,,,,,,,,,,,,,,,,,,,,,,,False,obrenovacka banja,,False,,POINT (20.202811 44.653861),20.202811,44.653861
way,978793310.0,,,,,,,,,,,,,,osm,,,,,,amenity=public_bath,,,,,public_bath,yes,,,,,lake,yes,,,,,,,,,,,,,,,,,,,,,,,,,,,,,,,,,,,,,,,,,,,,,,,,,,,,,,,,,,,,,,,,,,,,,,,,,,,False,,,False,,"POLYGON ((20.238356 44.390473, 20.238263 44.390248, 20.237929 44.389437, 20.237205 44.389474, 20.236258 44.389567, 20.236091 44.38961, 20.23601 44.389719, 20.235966 44.389805, 20.235977 44.389944, 20.236023 44.39021, 20.236039 44.390389, 20.236326 44.390855, 20.236893 44.390958, 20.23699 44.39133, 20.237245 44.391361, 20.237335 44.391498, 20.237658 44.39149, 20.237633 44.391151, 20.237957 44.390869, 20.238269 44.390617, 20.238356 44.390473))",20.23720160772399,44.390431199999995
node,11400134869.0,sports_centre,swimming,,Bazeni Flamingo,Базени Фламинго,Базени Фламинго,Bazeni Flamingo,,,,,,,osm,,,,,,leisure=sports_centre (filtered),,,,,,,,yes,,,,,Bazeni Flamingo,bazeni_flamingo,Mo-Su 10:00-18:00,+381 63 258884,,,,,,,,,,,,,,,,,,,,,,,,,,,,,,,,,,,,,,,,,,,,,,,,,,,,,,,,,,,,,,,,,,,350.0,sports_centre,Базени Фламинго,0.0,False,bazeni flamingo,,False,sports_centre,POINT (20.66247 44.44408),20.6624699,44.444079699999996
node,12804514228.0,sports_centre,swimming,,Slobodan stil,Слободан стил,Слободан стил,Slobodan stil,,,,,,,osm,,,,,,leisure=sports_centre (filtered),,,,https://slobodanstil.rs/,,,,,,,,,,,,+381 64 110 80 07,,,,,18,Банатска,,,,,,,,,,,,,,,,,,,,,,,,,,,,,,,,,,,,,,,,,,,,,,,,,,,,,,,,,,,,,356.0,sports_centre,Слободан стил,0.0,False,slobodan stil,,False,sports_centre,POINT (20.37952 44.851092),20.3795199,44.851092300000005
relation,9327497.0,sports_centre,,,,Gradski bazen,,,,,,,,,osm,,,,,multipolygon,leisure=sports_centre (filtered),,,,,,,,,,,,,,,,,,,,,,,,,,,,,,,,,,,,,,,,,,,,,,,,,,,,,,,,,,,,,,,,,,,,,,,,,,,,,,,,,,,367.0,sports_centre,Gradski bazen,0.0,False,gradski bazen,,False,sports_centre,"MULTIPOLYGON (((20.252491 44.382078, 20.252253 44.38207, 20.252231 44.382402, 20.252469 44.38241, 20.252491 44.382078)), ((20.251605 44.382972, 20.251596 44.383088, 20.251819 44.383097, 20.251817 44.383119, 20.251996 44.383126, 20.252005 44.383007, 20.252064 44.383009, 20.252068 44.382959, 20.252187 44.382964, 20.252223 44.382471, 20.252225 44.382436, 20.252099 44.382432, 20.252103 44.382385, 20.25189 44.382377, 20.251893 44.382334, 20.251786 44.38233, 20.251782 44.382384, 20.251691 44.38238, 20.251686 44.382456, 20.2516 44.382453, 20.251566 44.382924, 20.251648 44.382927, 20.251645 44.382974, 20.251605 44.382972), (20.252141 44.382467, 20.25211 44.382923, 20.251798 44.382912, 20.251829 44.382456, 20.252141 44.382467), (20.251896 44.383016, 20.251894 44.383063, 20.251792 44.38306, 20.251794 44.383014, 20.251896 44.383016)), ((20.251558 44.382933, 20.251574 44.382715, 20.251497 44.382712, 20.251481 44.382931, 20.251558 44.382933)))",20.25236107438859,44.382240049999986
way,23710165.0,sports_centre,swimming,,SRC Tasmajdan,СРЦ Ташмајдан,,,,,,,,1968,osm,,,,,,leisure=sports_centre (filtered),,,,https://www.tasmajdan.rs/,,,,,sr:СРЦ Ташмајдан,Q2945515,,,,,,,,,,,26,Илије Гарашанина,,,,,,,,,,yes,5,3176842,,,,,,,,,,,,,,,,,,,,,,,,,,,,,,,,,,,,,,,,,,,,,,,,,368.0,sports_centre,СРЦ Ташмајдан,0.0,True,src tasmajdan,,False,sports_centre,"POLYGON ((20.47328 44.809388, 20.472722 44.808973, 20.473281 44.808608, 20.473852 44.80904, 20.473462 44.809459, 20.47328 44.809388))",20.47328752606532,44.80900644999999
way,89826622.0,sports_centre,baseball;swimming;multi;fitness;karate;volleyball,,,Dynamic Sports & Health Centre,,,,,,,,,osm,,,BC Dynamic,,,leisure=sports_centre (filtered),,,,https://www.dynamic.rs/,,,,yes,,,,,,,,+381 11 40 444 50,,11000,,Београд,62,Дунавска,,,,,,,info@dynamic.rs,,,yes,2,3211446,,,,,,,,,,,,,,,,,,,,,,,,,,,,,,,,,,,,,,,,,,,,,,,,,371.0,sports_centre,Dynamic Sports & Health Centre,0.0,False,dynamic sports & health centre,,False,sports_centre,"POLYGON ((20.465144 44.825922, 20.465282 44.826002, 20.465586 44.825739, 20.465449 44.825659, 20.465223 44.825851, 20.465144 44.825922))",20.46540496752531,44.82579485000001
way,393519684.0,sports_centre,soccer;basketball;swimming,,Centar zdravlja Izvor,Центар здравља Извор,Центар здравља Извор,Centar zdravlja Izvor,,,,,,,osm,,,,,,leisure=sports_centre (filtered),,,,,,,,,,,,,,,,+381 11 8260005,,11233,,Стојник,1,Викенд насеље Морак,,,,,,,office@centarizvor.com,,,,,,,,,,,,,,,,,,,,,,,,,,,,,,,,,,,,,,,,,,,,,,,,,,,,,,401.0,sports_centre,Центар здравља Извор,0.0,False,centar zdravlja izvor,,False,sports_centre,"POLYGON ((20.517443 44.51609, 20.517754 44.515971, 20.517718 44.5159, 20.517892 44.515796, 20.517744 44.515638, 20.517946 44.515498, 20.517607 44.515205, 20.51698 44.515589, 20.517306 44.515862, 20.517443 44.51609))",20.51747515717958,44.515717050000006
way,402780548.0,sports_centre,soccer;tennis;swimming;fitness,,,Colonial Sun,,,,,,,,,osm,,,,,,leisure=sports_centre (filtered),,,,http://www.colonialsun.rs/,,,,,,,,,,,,,,,,,,,,,,,,,,,,yes,,,,,,,,,,,,,,,,,,,,,,,,,,,,,,,,,,,,,,,,,,,,,,,,,,,409.0,sports_centre,Colonial Sun,0.0,False,colonial sun,,False,sports_centre,"POLYGON ((20.447839 44.794916, 20.447748 44.794598, 20.447751 44.794588, 20.447993 44.794553, 20.448013 44.794624, 20.448064 44.794801, 20.448086 44.79488, 20.447839 44.794916))",20.44790972021712,44.794712499999996
way,415849486.0,sports_centre,swimming,,,Kengur Resort,,,,,,,,,osm,,,,,,leisure=sports_centre (filtered),,,Kengur Resort,,,,,,,,,,,,,,,,,,,,,,,,,,,,,,,,,,,,,,,,,,,,,,,,,,,,,,,,,,,,,,,,,,,,,,,,,,,,,,,,426.0,sports_centre,Kengur Resort,0.0,False,kengur resort,,False,sports_centre,"POLYGON ((20.347324 44.85079, 20.346638 44.850248, 20.347063 44.849978, 20.347748 44.850521, 20.347324 44.85079))",20.347193349999998,44.85038445
way,416577880.0,sports_centre,swimming,,Otvoreni bazeni,Отворени базени,Отворени базени,Otvoreni bazeni,,,,,,,osm,,,,,,leisure=sports_centre (filtered),,,,,,,,,,,,,,,10:00-19:00,,,,,,,,,,,,,,,,,,,,,,,,,,,,,,,,,,,,,,,,,,,,,,,,,,,,,,,,,,,,,,,,,,,,429.0,sports_centre,Отворени базени,0.0,False,otvoreni bazeni,,False,sports_centre,"POLYGON ((20.452608 44.829315, 20.453623 44.829359, 20.453875 44.829657, 20.453697 44.829856, 20.453408 44.829848, 20.453103 44.830201, 20.453014 44.8302, 20.452539 44.830191, 20.452595 44.830263, 20.452493 44.830397, 20.45239 44.830398, 20.452327 44.830342, 20.452187 44.830338, 20.451985 44.83011, 20.452134 44.829947, 20.452034 44.829829, 20.452386 44.829827, 20.452515 44.829674, 20.452548 44.829635, 20.452591 44.829635, 20.452608 44.829315))",20.45272825278032,44.82990155000001
way,670630709.0,sports_centre,swimming,,,,,,,,,,,,osm,,,,,,leisure=sports_centre (filtered),,,,,,,,,,,,,,,,,,,,,,,,,,,,,,,,,,,,,,,,,,,,,,,,,,,,,,,,,,,,,,,,,,,,,,,,,,,,,,,,,,,444.0,sports_centre,,0.0,False,,,False,sports_centre,"POLYGON ((20.251566 44.382924, 20.2516 44.382453, 20.251686 44.382456, 20.251691 44.38238, 20.251782 44.382384, 20.251786 44.38233, 20.251893 44.382334, 20.25189 44.382377, 20.252103 44.382385, 20.252099 44.382432, 20.252225 44.382436, 20.252223 44.382471, 20.252187 44.382964, 20.252068 44.382959, 20.252064 44.383009, 20.252005 44.383007, 20.251996 44.383126, 20.251817 44.383119, 20.251819 44.383097, 20.251596 44.383088, 20.251605 44.382972, 20.251645 44.382974, 20.251648 44.382927, 20.251566 44.382924))",20.251894594173912,44.382697449999995
way,1120378978.0,sports_centre,,,Otvoreno plivaliste Kosutnjak,Отворено пливалиште Кошутњак,Отворено пливалиште Кошутњак,Otvoreno plivalište Košutnjak,,,,,,,osm,,,,,,leisure=sports_centre (filtered),,,,,,,,,sr:СЦ Кошутњак,,,,Базени Кошутњак,,,,,,,,,,,,,,,Bazeni Košutnjak,,,,,,,,,,,,,,,,,,,,,,,,,,,,,,,,,,,,,,,,,,,,,,,,,,,,,,,468.0,sports_centre,Отворено пливалиште Кошутњак,0.0,True,otvoreno plivaliste kosutnjak,,False,sports_centre,"POLYGON ((20.422376 44.76562, 20.42274 44.765382, 20.423105 44.765106, 20.423381 44.765318, 20.423436 44.765296, 20.423822 44.76514, 20.423972 44.765136, 20.424455 44.764937, 20.424386 44.764818, 20.424402 44.764712, 20.424836 44.764471, 20.424733 44.764315, 20.424531 44.764095, 20.424078 44.763954, 20.422846 44.764142, 20.421532 44.764554, 20.421461 44.764825, 20.421609 44.765143, 20.422139 44.765481, 20.422376 44.76562))",20.422935343121303,44.76476480000001
node,9139271819.0,fitness_centre,fitness;climbing_adventure;swimming;pilates,,,BeWell,,,,,,,,,osm,,,,,,leisure=fitness_centre (filtered),,,,https://www.be-well.rs/,,,,,,,,,,https://www.instagram.com/fitness_centar_be_well/,Mo-Fr 06:00-22:00; Sa 07:00-20:00,+381 11 4094397,,11000,,Београд,64,Кајмакчаланска,,,,,,,office.bewell@gmail.com,,,,,,,,,,,,,,,,,,,,,,,,,,,,,,,,,,,,,,,,,,,,,,,,,,,,,,256.0,gym,BeWell,0.0,False,bewell,,False,gym,POINT (20.492297 44.797529),20.4922968,44.79752919999999
